possession,city,property_type,updated_date,management_by_landlord,data_id,areacode,sqft,listing_date,status,platform,config_type,carpet_area,locality,address,lat,txn_type,lng,desc,selling_price,building_name
0,Mumbai,Apartment,07/04/2016 23:59:50,,6596953,,0,07/05/2016 05:29:50,Not Launched,tigerprop,1BHK,0,Thane West,"Ghodbunder Road, Thane West, Mumbai",19.11169052,sale,72.92162323,,0,Pre Launch Thane
0,Mumbai,Apartment,07/04/2016 23:59:50,,6596954,,0,07/05/2016 05:29:50,Not Launched,tigerprop,2BHK,0,Thane West,"Ghodbunder Road, Thane West, Mumbai",19.11169052,sale,72.92162323,,0,Pre Launch Thane
0,Mumbai,Apartment,07/04/2016 23:59:50,,6596955,,0,07/05/2016 05:29:50,Not Launched,tigerprop,3BHK,0,Thane West,"Ghodbunder Road, Thane West, Mumbai",19.11169052,sale,72.92162323,,0,Pre Launch Thane
06/29/2018 18:30:00,Mumbai,Apartment,07/07/2016 01:40:42,,6601538,,0,07/07/2016 07:10:42,Not Launched,tigerprop,2BHK,700,Andheri West,"Versova, Near Andheri West, Mumbai",19.11169052,sale,72.92162323,,0,Versova Pre Launch
06/29/2018 18:30:00,Mumbai,Apartment,07/07/2016 01:40:42,,6601537,,0,07/07/2016 07:10:42,Not Launched,tigerprop,2BHK,620,Andheri West,"Versova, Near Andheri West, Mumbai",19.11169052,sale,72.92162323,,0,Versova Pre Launch
0,Mumbai,Apartment,07/08/2016 23:51:07,,6606075,,434,07/09/2016 05:21:07,Not Launched,tigerprop,1BHK,271,Thane West,"Ghodbunder Road, Brahmand, Near Thane West, Mumbai",19.11169052,sale,72.92162323,,0,Desire
0,Mumbai,Apartment,07/08/2016 23:51:07,,6606076,,452,07/09/2016 05:21:07,Not Launched,tigerprop,1BHK,282,Thane West,"Ghodbunder Road, Brahmand, Near Thane West, Mumbai",19.11169052,sale,72.92162323,,0,Desire
0,Mumbai,Apartment,07/08/2016 23:51:07,,6606077,,818,07/09/2016 05:21:07,Not Launched,tigerprop,1BHK,511,Thane West,"Ghodbunder Road, Brahmand, Near Thane West, Mumbai",19.11169052,sale,72.92162323,,0,Desire
0,Mumbai,Apartment,07/08/2016 23:51:07,,6606078,,959,07/09/2016 05:21:07,Not Launched,tigerprop,2BHK,599,Thane West,"Ghodbunder Road, Brahmand, Near Thane West, Mumbai",19.11169052,sale,72.92162323,,0,Desire
0,Mumbai,Apartment,07/08/2016 23:51:07,,6606079,,1277,07/09/2016 05:21:07,Not Launched,tigerprop,2BHK,798,Thane West,"Ghodbunder Road, Brahmand, Near Thane West, Mumbai",19.11169052,sale,72.92162323,,0,Desire
11/30/2019 18:30:00,Mumbai,Apartment,03/22/2016 09:21:27,,5317314,,1257,10/12/2015 06:39:29,Pre Launch,tigerprop,2BHK,757,Bandra East,"Off BKC Road, Near MIG Cricket Club, Bandra East, Mumbai",19.0533371,sale,72.84757233,,35321700.0,Project Bandra
11/30/2019 18:30:00,Mumbai,Apartment,03/22/2016 09:21:27,,5317315,,1300,10/12/2015 06:39:29,Pre Launch,tigerprop,2BHK,783,Bandra East,"Off BKC Road, Near MIG Cricket Club, Bandra East, Mumbai",19.0533371,sale,72.84757233,,36530000.0,Project Bandra
11/30/2019 18:30:00,Mumbai,Apartment,03/22/2016 09:21:27,,5317316,,1436,10/12/2015 06:39:29,Pre Launch,tigerprop,2BHK,865,Bandra East,"Off BKC Road, Near MIG Cricket Club, Bandra East, Mumbai",19.0533371,sale,72.84757233,,40351600.0,Project Bandra
11/30/2019 18:30:00,Mumbai,Apartment,03/22/2016 09:21:27,,5317317,,1657,10/12/2015 06:39:29,Pre Launch,tigerprop,3BHK,998,Bandra East,"Off BKC Road, Near MIG Cricket Club, Bandra East, Mumbai",19.0533371,sale,72.84757233,,46561700.0,Project Bandra
11/30/2019 18:30:00,Mumbai,Apartment,03/22/2016 09:21:27,,5317318,,1768,10/12/2015 06:39:29,Pre Launch,tigerprop,3BHK,1065,Bandra East,"Off BKC Road, Near MIG Cricket Club, Bandra East, Mumbai",19.0533371,sale,72.84757233,,49680800.0,Project Bandra
11/30/2019 18:30:00,Mumbai,Apartment,03/22/2016 09:21:27,,5317320,,1865,10/12/2015 06:39:29,Pre Launch,tigerprop,3BHK,1123,Bandra East,"Off BKC Road, Near MIG Cricket Club, Bandra East, Mumbai",19.0533371,sale,72.84757233,,52406500.0,Project Bandra
11/30/2019 18:30:00,Mumbai,Apartment,03/22/2016 09:21:27,,5317319,,1954,10/12/2015 06:39:29,Pre Launch,tigerprop,3BHK,1177,Bandra East,"Off BKC Road, Near MIG Cricket Club, Bandra East, Mumbai",19.0533371,sale,72.84757233,,54907400.0,Project Bandra
11/30/2019 18:30:00,Mumbai,Apartment,03/22/2016 09:21:27,,5317321,,1958,10/12/2015 06:39:29,Pre Launch,tigerprop,3BHK,1179,Bandra East,"Off BKC Road, Near MIG Cricket Club, Bandra East, Mumbai",19.0533371,sale,72.84757233,,55019800.0,Project Bandra
11/30/2019 18:30:00,Mumbai,Apartment,03/22/2016 09:21:27,,5317322,,2129,10/12/2015 06:39:29,Pre Launch,tigerprop,3BHK,1282,Bandra East,"Off BKC Road, Near MIG Cricket Club, Bandra East, Mumbai",19.0533371,sale,72.84757233,,59824900.0,Project Bandra
11/30/2019 18:30:00,Mumbai,Apartment,03/22/2016 09:21:27,,5317323,,2142,10/12/2015 06:39:29,Pre Launch,tigerprop,3BHK,1290,Bandra East,"Off BKC Road, Near MIG Cricket Club, Bandra East, Mumbai",19.0533371,sale,72.84757233,,60190200.0,Project Bandra
11/30/2019 18:30:00,Mumbai,Apartment,03/22/2016 09:21:27,,5317324,,2306,10/12/2015 06:39:29,Pre Launch,tigerprop,3BHK,1389,Bandra East,"Off BKC Road, Near MIG Cricket Club, Bandra East, Mumbai",19.0533371,sale,72.84757233,,64798600.0,Project Bandra
11/30/2019 18:30:00,Mumbai,Apartment,03/22/2016 09:21:27,,5317325,,2660,10/12/2015 06:39:30,Pre Launch,tigerprop,4BHK,1602,Bandra East,"Off BKC Road, Near MIG Cricket Club, Bandra East, Mumbai",19.0533371,sale,72.84757233,,74746000.0,Project Bandra
11/30/2019 18:30:00,Mumbai,Apartment,03/22/2016 09:21:27,,5317326,,3372,10/12/2015 06:39:30,Pre Launch,tigerprop,4BHK,2031,Bandra East,"Off BKC Road, Near MIG Cricket Club, Bandra East, Mumbai",19.0533371,sale,72.84757233,,94753200.0,Project Bandra
11/30/2019 18:30:00,Mumbai,Apartment,06/15/2016 03:25:38,,5058610,,1395,11/13/2013 18:07:44,Under Construction,tigerprop,2BHK,0,Wadala,"Bhakti Park, Near I Max Dome Theatre, Wadala (East), Mumbai",19.02914047,sale,72.87941742,,26993250.0,Treon
11/30/2019 18:30:00,Mumbai,Apartment,06/15/2016 03:25:38,,5058611,,2340,11/13/2013 18:07:44,Under Construction,tigerprop,3BHK,0,Wadala,"Bhakti Park, Near I Max Dome Theatre, Wadala (East), Mumbai",19.02914047,sale,72.87941742,,45279000.0,Treon
11/30/2019 18:30:00,Mumbai,Apartment,06/15/2016 03:25:38,,5058612,,3285,11/13/2013 18:07:44,Under Construction,tigerprop,4BHK,0,Wadala,"Bhakti Park, Near I Max Dome Theatre, Wadala (East), Mumbai",19.02914047,sale,72.87941742,,63564750.0,Treon
11/30/2016 18:30:00,Mumbai,Apartment,05/18/2016 01:03:39,,5056887,,1200,11/13/2013 18:07:44,Under Construction,tigerprop,2BHK,0,Ghansoli,"Plot No. 5, Sector-11, Ghansoli, Navi Mumbai",19.11955833,sale,72.99305725,,12120000.0,Atlantis
11/30/2016 18:30:00,Mumbai,Apartment,05/18/2016 01:04:55,,5056888,,1500,11/13/2013 18:07:44,Under Construction,tigerprop,3BHK,0,Ghansoli,"Plot No. 5, Sector-11, Ghansoli, Navi Mumbai",19.11955833,sale,72.99305725,,15150000.0,Atlantis
11/30/2016 18:30:00,Mumbai,Apartment,05/12/2016 01:32:35,,5076002,,1650,11/13/2013 18:07:44,Under Construction,tigerprop,3BHK,0,Ghansoli,"Plot No. 5, Sector-11, Ghansoli, Navi Mumbai",19.11955833,sale,72.99305725,,16665000.0,Atlantis
09/30/2018 18:30:00,Mumbai,Apartment,03/24/2016 01:44:01,,5990962,,908,03/24/2016 06:37:18,Under Construction,tigerprop,2BHK,550,Goregaon West,"Nahar Singh Estate, Ram Mandir Road, Off SV Road, Goregaon West, Mumbai",19.1522274,sale,72.84477997,,12712000.0,Avenue 2
09/30/2018 18:30:00,Mumbai,Apartment,03/24/2016 01:44:01,,5162656,,947,11/21/2013 11:30:20,Under Construction,tigerprop,2BHK,574,Goregaon West,"Nahar Singh Estate, Ram Mandir Road, Off SV Road, Goregaon West, Mumbai",19.1522274,sale,72.84477997,,13258000.0,Avenue 2
09/30/2018 18:30:00,Mumbai,Apartment,03/24/2016 01:44:01,,5162657,,977,11/21/2013 11:30:20,Under Construction,tigerprop,2BHK,592,Goregaon West,"Nahar Singh Estate, Ram Mandir Road, Off SV Road, Goregaon West, Mumbai",19.1522274,sale,72.84477997,,13678000.0,Avenue 2
09/30/2018 18:30:00,Mumbai,Apartment,03/24/2016 01:44:01,,5990963,,1088,03/24/2016 06:37:18,Under Construction,tigerprop,2BHK,659,Goregaon West,"Nahar Singh Estate, Ram Mandir Road, Off SV Road, Goregaon West, Mumbai",19.1522274,sale,72.84477997,,15232000.0,Avenue 2
09/30/2018 18:30:00,Mumbai,Apartment,03/24/2016 01:44:01,,5252745,,1098,12/19/2014 09:40:19,Under Construction,tigerprop,2BHK,665,Goregaon West,"Nahar Singh Estate, Ram Mandir Road, Off SV Road, Goregaon West, Mumbai",19.1522274,sale,72.84477997,,15372000.0,Avenue 2
09/30/2018 18:30:00,Mumbai,Apartment,03/24/2016 01:44:01,,5990964,,1405,03/24/2016 06:37:18,Under Construction,tigerprop,3BHK,851,Goregaon West,"Nahar Singh Estate, Ram Mandir Road, Off SV Road, Goregaon West, Mumbai",19.1522274,sale,72.84477997,,19670000.0,Avenue 2
09/30/2018 18:30:00,Mumbai,Apartment,03/24/2016 01:44:01,,5162658,,1411,11/21/2013 11:30:20,Under Construction,tigerprop,3BHK,855,Goregaon West,"Nahar Singh Estate, Ram Mandir Road, Off SV Road, Goregaon West, Mumbai",19.1522274,sale,72.84477997,,19754000.0,Avenue 2
11/30/2019 18:30:00,Mumbai,Apartment,06/11/2016 00:59:30,,6175766,,1030,05/04/2016 11:57:04,Pre Launch,tigerprop,2BHK,0,Kandivali East,"Kandivali East, Mumbai",19.20567513,sale,72.87372589,,12617500.0,Epsilon
11/30/2019 18:30:00,Mumbai,Apartment,06/11/2016 00:59:30,,5518681,,1330,12/31/2015 12:38:07,Pre Launch,tigerprop,2BHK,0,Kandivali East,"Kandivali East, Mumbai",19.20567513,sale,72.87372589,,16292500.0,Epsilon
11/30/2019 18:30:00,Mumbai,Apartment,06/11/2016 00:59:30,,6545504,,1697,06/11/2016 06:29:30,Pre Launch,tigerprop,3BHK,0,Kandivali East,"Kandivali East, Mumbai",19.20567513,sale,72.87372589,,20788250.0,Epsilon
11/30/2019 18:30:00,Mumbai,Apartment,06/11/2016 00:59:30,,5518682,,1705,12/31/2015 12:38:07,Pre Launch,tigerprop,3BHK,0,Kandivali East,"Kandivali East, Mumbai",19.20567513,sale,72.87372589,,20886250.0,Epsilon
11/30/2017 18:30:00,Mumbai,Apartment,04/18/2016 04:38:30,,6131424,,735,04/18/2016 10:08:30,Under Construction,tigerprop,1BHK,459,Kandivali East,"Akurli Road, Lokhandwala Complex, Kandivali East, Mumbai",19.20110893,sale,72.87722778,,9334500.0,White City
11/30/2017 18:30:00,Mumbai,Apartment,04/18/2016 04:38:30,,5026266,,745,11/13/2013 18:07:44,Under Construction,tigerprop,1BHK,465,Kandivali East,"Akurli Road, Lokhandwala Complex, Kandivali East, Mumbai",19.20110893,sale,72.87722778,,9461500.0,White City
11/30/2017 18:30:00,Mumbai,Apartment,04/18/2016 04:38:30,,5026267,,980,11/13/2013 18:07:44,Under Construction,tigerprop,2BHK,611,Kandivali East,"Akurli Road, Lokhandwala Complex, Kandivali East, Mumbai",19.20110893,sale,72.87722778,,12446000.0,White City
11/30/2017 18:30:00,Mumbai,Apartment,04/18/2016 04:38:30,,5061530,,1335,11/13/2013 18:07:44,Under Construction,tigerprop,2BHK,833,Kandivali East,"Akurli Road, Lokhandwala Complex, Kandivali East, Mumbai",19.20110893,sale,72.87722778,,16954500.0,White City
11/30/2017 18:30:00,Mumbai,Apartment,04/18/2016 04:38:30,,5084671,,2015,11/13/2013 18:07:44,Under Construction,tigerprop,3BHK,1260,Kandivali East,"Akurli Road, Lokhandwala Complex, Kandivali East, Mumbai",19.20110893,sale,72.87722778,,25590500.0,White City
11/30/2017 18:30:00,Mumbai,Apartment,04/18/2016 04:38:30,,5321943,,2019,11/02/2015 12:11:59,Under Construction,tigerprop,3BHK,1265,Kandivali East,"Akurli Road, Lokhandwala Complex, Kandivali East, Mumbai",19.20110893,sale,72.87722778,,25641300.0,White City
11/30/2017 18:30:00,Mumbai,Apartment,04/18/2016 04:38:30,,5090055,,2090,11/13/2013 18:07:44,Under Construction,tigerprop,3BHK,1265,Kandivali East,"Akurli Road, Lokhandwala Complex, Kandivali East, Mumbai",19.20110893,sale,72.87722778,,26543000.0,White City
11/30/2017 18:30:00,Mumbai,Apartment,04/18/2016 04:38:30,,6131425,,2100,04/18/2016 10:08:30,Under Construction,tigerprop,3BHK,1307,Kandivali East,"Akurli Road, Lokhandwala Complex, Kandivali East, Mumbai",19.20110893,sale,72.87722778,,26670000.0,White City
11/30/2017 18:30:00,Mumbai,Apartment,04/18/2016 04:38:30,,5090056,,2685,11/13/2013 18:07:44,Under Construction,tigerprop,4BHK,1679,Kandivali East,"Akurli Road, Lokhandwala Complex, Kandivali East, Mumbai",19.20110893,sale,72.87722778,,34099500.0,White City
11/30/2017 18:30:00,Mumbai,Apartment,04/18/2016 04:38:30,,6131426,,2700,04/18/2016 10:08:30,Under Construction,tigerprop,4BHK,1679,Kandivali East,"Akurli Road, Lokhandwala Complex, Kandivali East, Mumbai",19.20110893,sale,72.87722778,,34290000.0,White City
10/31/2019 18:30:00,Mumbai,Apartment,07/07/2016 05:12:44,,6113340,,850,04/12/2016 05:59:54,Under Construction,tigerprop,2BHK,513,Kanjurmarg,"Crompton Greaves Compound, Kanjurmarg, Mumbai",19.13327599,sale,72.93379211,,9987500.0,Bliss
10/31/2019 18:30:00,Mumbai,Apartment,07/07/2016 05:12:45,,6602283,,1100,07/07/2016 10:42:45,Under Construction,tigerprop,2BHK,665,Kanjurmarg,"Crompton Greaves Compound, Kanjurmarg, Mumbai",19.13327599,sale,72.93379211,,13475000.0,Bliss
10/31/2019 18:30:00,Mumbai,Apartment,07/07/2016 05:12:45,,5252491,,1115,12/17/2014 11:12:37,Under Construction,tigerprop,2BHK,665,Kanjurmarg,"Crompton Greaves Compound, Kanjurmarg, Mumbai",19.13327599,sale,72.93379211,,13658750.0,Bliss
10/31/2019 18:30:00,Mumbai,Apartment,07/07/2016 05:12:44,,5252490,,1225,12/17/2014 11:12:37,Under Construction,tigerprop,2BHK,740,Kanjurmarg,"Crompton Greaves Compound, Kanjurmarg, Mumbai",19.13327599,sale,72.93379211,,15006250.0,Bliss
10/31/2019 18:30:00,Mumbai,Apartment,07/07/2016 05:12:45,,5283612,,1250,06/01/2015 09:24:16,Under Construction,tigerprop,2BHK,765,Kanjurmarg,"Crompton Greaves Compound, Kanjurmarg, Mumbai",19.13327599,sale,72.93379211,,15312500.0,Bliss
10/31/2019 18:30:00,Mumbai,Apartment,07/07/2016 05:12:45,,6602284,,1265,07/07/2016 10:42:45,Under Construction,tigerprop,2BHK,765,Kanjurmarg,"Crompton Greaves Compound, Kanjurmarg, Mumbai",19.13327599,sale,72.93379211,,15496250.0,Bliss
10/31/2019 18:30:00,Mumbai,Apartment,07/07/2016 05:12:45,,6554936,,1275,06/15/2016 13:07:03,Under Construction,tigerprop,2BHK,770,Kanjurmarg,"Crompton Greaves Compound, Kanjurmarg, Mumbai",19.13327599,sale,72.93379211,,15618750.0,Bliss
10/31/2019 18:30:00,Mumbai,Apartment,07/07/2016 05:12:45,,5283613,,1675,06/01/2015 09:24:16,Under Construction,tigerprop,3BHK,998,Kanjurmarg,"Crompton Greaves Compound, Kanjurmarg, Mumbai",19.13327599,sale,72.93379211,,20518750.0,Bliss
10/31/2019 18:30:00,Mumbai,Apartment,07/07/2016 05:12:45,,5252495,,1675,12/17/2014 11:12:37,Under Construction,tigerprop,3BHK,992,Kanjurmarg,"Crompton Greaves Compound, Kanjurmarg, Mumbai",19.13327599,sale,72.93379211,,20518750.0,Bliss
10/31/2019 18:30:00,Mumbai,Apartment,07/07/2016 05:12:45,,5252494,,1750,12/17/2014 11:12:37,Under Construction,tigerprop,3BHK,1028,Kanjurmarg,"Crompton Greaves Compound, Kanjurmarg, Mumbai",19.13327599,sale,72.93379211,,21437500.0,Bliss
10/31/2019 18:30:00,Mumbai,Apartment,07/07/2016 05:12:45,,5283614,,1775,06/01/2015 09:24:16,Under Construction,tigerprop,3BHK,1035,Kanjurmarg,"Crompton Greaves Compound, Kanjurmarg, Mumbai",19.13327599,sale,72.93379211,,21743750.0,Bliss
10/31/2019 18:30:00,Mumbai,Apartment,07/07/2016 05:12:45,,5252492,,2025,12/17/2014 11:12:37,Under Construction,tigerprop,3BHK,1187,Kanjurmarg,"Crompton Greaves Compound, Kanjurmarg, Mumbai",19.13327599,sale,72.93379211,,24806250.0,Bliss
10/31/2019 18:30:00,Mumbai,Apartment,07/07/2016 05:12:45,,5283615,,2050,06/01/2015 09:24:16,Under Construction,tigerprop,3BHK,1193,Kanjurmarg,"Crompton Greaves Compound, Kanjurmarg, Mumbai",19.13327599,sale,72.93379211,,25112500.0,Bliss
10/31/2019 18:30:00,Mumbai,Apartment,07/07/2016 05:12:45,,5252497,,3250,12/17/2014 11:12:37,Under Construction,tigerprop,4BHK,1904,Kanjurmarg,"Crompton Greaves Compound, Kanjurmarg, Mumbai",19.13327599,sale,72.93379211,,39812500.0,Bliss
10/31/2019 18:30:00,Mumbai,Apartment,07/07/2016 05:12:45,,5252499,,4000,12/17/2014 11:12:37,Under Construction,tigerprop,5BHK,2355,Kanjurmarg,"Crompton Greaves Compound, Kanjurmarg, Mumbai",19.13327599,sale,72.93379211,,49000000.0,Bliss
08/30/2010 18:30:00,Mumbai,Apartment,03/22/2016 09:21:27,,5072568,,1350,11/13/2013 18:07:44,Completed,tigerprop,2BHK,0,Mahalaxmi,"Mahalaxmi, Mumbai",18.9809742,sale,72.83106995,,0,Planet
08/30/2010 18:30:00,Mumbai,Apartment,03/22/2016 09:21:27,,5219041,,1454,06/30/2014 11:33:27,Completed,tigerprop,2BHK,0,Mahalaxmi,"Mahalaxmi, Mumbai",18.9809742,sale,72.83106995,,0,Planet
08/30/2010 18:30:00,Mumbai,Apartment,03/22/2016 09:21:27,,5072569,,1770,11/13/2013 18:07:44,Completed,tigerprop,3BHK,0,Mahalaxmi,"Mahalaxmi, Mumbai",18.9809742,sale,72.83106995,,0,Planet
08/30/2010 18:30:00,Mumbai,Apartment,03/22/2016 09:21:27,,5219042,,1900,06/30/2014 11:33:27,Completed,tigerprop,3BHK,0,Mahalaxmi,"Mahalaxmi, Mumbai",18.9809742,sale,72.83106995,,0,Planet
08/30/2010 18:30:00,Mumbai,Apartment,03/22/2016 09:21:27,,5219043,,3154,06/30/2014 11:33:27,Completed,tigerprop,4BHK,0,Mahalaxmi,"Mahalaxmi, Mumbai",18.9809742,sale,72.83106995,,0,Planet
08/30/2010 18:30:00,Mumbai,Apartment,03/22/2016 09:21:27,,5219044,,3475,06/30/2014 11:33:27,Completed,tigerprop,4BHK,0,Mahalaxmi,"Mahalaxmi, Mumbai",18.9809742,sale,72.83106995,,0,Planet
05/31/2012 18:30:00,Mumbai,Apartment,03/22/2016 09:21:27,,5320225,,2394,10/26/2015 11:29:07,Completed,tigerprop,3BHK,1709,Mahalaxmi,"N.M. Joshi Marg, Mahalaxmi, Mumbai",18.98719406,sale,72.82820129,,0,Bellissimo
05/31/2012 18:30:00,Mumbai,Apartment,03/22/2016 09:21:27,,5320226,,5292,10/26/2015 11:37:37,Completed,tigerprop,3BHK,3780,Mahalaxmi,"N.M. Joshi Marg, Mahalaxmi, Mumbai",18.98719406,sale,72.82820129,,0,Bellissimo
05/31/2012 18:30:00,Mumbai,Apartment,03/22/2016 09:21:27,,5001719,,2400,11/13/2013 18:07:44,Completed,tigerprop,4BHK,0,Mahalaxmi,"N.M. Joshi Marg, Mahalaxmi, Mumbai",18.98719406,sale,72.82820129,,0,Bellissimo
05/31/2012 18:30:00,Mumbai,Apartment,03/22/2016 09:21:27,,5001722,,3000,11/13/2013 18:07:44,Completed,tigerprop,4BHK,0,Mahalaxmi,"N.M. Joshi Marg, Mahalaxmi, Mumbai",18.98719406,sale,72.82820129,,0,Bellissimo
05/31/2012 18:30:00,Mumbai,Apartment,03/22/2016 09:21:27,,5066787,,3200,11/13/2013 18:07:44,Completed,tigerprop,4BHK,0,Mahalaxmi,"N.M. Joshi Marg, Mahalaxmi, Mumbai",18.98719406,sale,72.82820129,,0,Bellissimo
03/31/2012 18:30:00,Mumbai,Apartment,03/22/2016 09:21:27,,5001702,,2187,11/13/2013 18:07:44,Completed,tigerprop,3BHK,0,Dadar West,"Dadar West, Mumbai",19.01144028,sale,72.83297729,,0,Grandeur
03/31/2012 18:30:00,Mumbai,Apartment,03/22/2016 09:21:27,,5001703,,3150,11/13/2013 18:07:44,Completed,tigerprop,4BHK,0,Dadar West,"Dadar West, Mumbai",19.01144028,sale,72.83297729,,0,Grandeur
03/31/2011 18:30:00,Mumbai,Apartment,03/22/2016 09:21:27,,5265934,,1800,02/27/2015 12:32:45,Completed,tigerprop,3BHK,0,Matunga,"Matunga,  Mumbai",19.02339554,sale,72.85308075,,0,Gardenia
11/30/2015 18:30:00,Mumbai,Apartment,03/22/2016 09:21:27,,5211776,,0,05/27/2014 04:47:01,Completed,tigerprop,3BHK,1185,Chembur,"7th Road, Sanduwadi, Opp. Sandu Brother, Chembur East, Mumbai",19.05358696,sale,72.89806366,,0,Aumkaar
11/30/2015 18:30:00,Mumbai,Apartment,03/22/2016 09:21:27,,5272842,,0,04/04/2015 10:32:11,Completed,tigerprop,3BHK,1017,Chembur,"7th Road, Sanduwadi, Opp. Sandu Brother, Chembur East, Mumbai",19.05358696,sale,72.89806366,,0,Aumkaar
11/30/2015 18:30:00,Mumbai,Apartment,03/22/2016 09:21:27,,5081776,,0,11/13/2013 18:07:44,Completed,tigerprop,3BHK,1140,Chembur,"7th Road, Sanduwadi, Opp. Sandu Brother, Chembur East, Mumbai",19.05358696,sale,72.89806366,,0,Aumkaar
11/30/2015 18:30:00,Mumbai,Apartment,03/22/2016 09:21:27,,5211776,,0,05/27/2014 04:47:01,Completed,tigerprop,3BHK,1185,Chembur,"7th Road, Sanduwadi, Opp. Sandu Brother, Chembur East, Mumbai",19.05358696,sale,72.89806366,,0,Aumkaar
11/30/2015 18:30:00,Mumbai,Apartment,03/22/2016 09:21:27,,5272842,,0,04/04/2015 10:32:11,Completed,tigerprop,3BHK,1017,Chembur,"7th Road, Sanduwadi, Opp. Sandu Brother, Chembur East, Mumbai",19.05358696,sale,72.89806366,,0,Aumkaar
11/30/2015 18:30:00,Mumbai,Apartment,03/22/2016 09:21:27,,5081776,,0,11/13/2013 18:07:44,Completed,tigerprop,3BHK,1140,Chembur,"7th Road, Sanduwadi, Opp. Sandu Brother, Chembur East, Mumbai",19.05358696,sale,72.89806366,,0,Aumkaar
04/30/2016 18:30:00,Mumbai,Apartment,05/16/2016 23:50:48,,5078535,,0,11/13/2013 18:07:44,Under Construction,tigerprop,3BHK,1061,Dadar East,"Khareghat Road, Hindu Colony, Dadar East, Mumbai",19.02065659,sale,72.84929657,,0,Serene
04/30/2016 18:30:00,Mumbai,Apartment,05/16/2016 23:50:48,,5078536,,0,11/13/2013 18:07:44,Under Construction,tigerprop,3BHK,1085,Dadar East,"Khareghat Road, Hindu Colony, Dadar East, Mumbai",19.02065659,sale,72.84929657,,0,Serene
01/31/2016 18:30:00,Mumbai,Apartment,03/22/2016 09:21:27,,5063269,,0,11/13/2013 18:07:44,Under Construction,tigerprop,3BHK,1620,Bandra West,"14th Road, Bandra West, Mumbai",19.06677055,sale,72.83276367,,0,Ekta Iris
01/31/2014 18:30:00,Mumbai,Apartment,03/22/2016 09:21:27,,5066001,,3500,11/13/2013 18:07:44,Completed,tigerprop,4BHK,0,Chembur,"33, Union, Near R.K Studio, Sion, Tronbay Road, Chembur, Mumbai",19.04833603,sale,72.90591431,,0,Signature
11/30/2014 18:30:00,Mumbai,Apartment,03/22/2016 09:21:27,,5022369,,1946,11/13/2013 18:07:44,Completed,tigerprop,3BHK,0,Kanjurmarg,"Kanjurmarg, Mumbai",19.1339817,sale,72.93009186,,0,The Great Eastern Gardens
11/30/2014 18:30:00,Mumbai,Apartment,03/22/2016 09:21:27,,5328977,,1957,11/30/2015 09:39:02,Completed,tigerprop,3BHK,0,Kanjurmarg,"Kanjurmarg, Mumbai",19.1339817,sale,72.93009186,,0,The Great Eastern Gardens
11/30/2014 18:30:00,Mumbai,Apartment,03/22/2016 09:21:27,,5328978,,2481,11/30/2015 09:39:02,Completed,tigerprop,4BHK,0,Kanjurmarg,"Kanjurmarg, Mumbai",19.1339817,sale,72.93009186,,0,The Great Eastern Gardens
08/31/2007 18:30:00,Mumbai,Apartment,03/22/2016 09:21:27,,5226079,,528,07/26/2014 05:35:53,Completed,tigerprop,1BHK,0,Vikhroli,"A-3, Vikhroli Village Rd, Pirojshanagar, Vikhroli East Mumbai",19.10368156,sale,72.92684937,,0,Garden Enclave
08/31/2007 18:30:00,Mumbai,Apartment,03/22/2016 09:21:27,,5226080,,975,07/26/2014 05:35:53,Completed,tigerprop,2BHK,0,Vikhroli,"A-3, Vikhroli Village Rd, Pirojshanagar, Vikhroli East Mumbai",19.10368156,sale,72.92684937,,0,Garden Enclave
08/31/2007 18:30:00,Mumbai,Apartment,03/22/2016 09:21:27,,5226081,,1410,07/26/2014 05:35:53,Completed,tigerprop,3BHK,0,Vikhroli,"A-3, Vikhroli Village Rd, Pirojshanagar, Vikhroli East Mumbai",19.10368156,sale,72.92684937,,0,Garden Enclave
04/30/2012 18:30:00,Mumbai,Apartment,03/22/2016 09:21:27,,5001587,,1233,11/13/2013 18:07:44,Completed,tigerprop,2BHK,0,Bhandup West,"Bhandup, Mumbai.",19.1478405,sale,72.93437195,,17999334.0,Imperia
04/30/2012 18:30:00,Mumbai,Apartment,03/22/2016 09:21:27,,5001588,,1557,11/13/2013 18:07:44,Completed,tigerprop,3BHK,0,Bhandup West,"Bhandup, Mumbai.",19.1478405,sale,72.93437195,,0,Imperia
04/30/2012 18:30:00,Mumbai,Apartment,03/22/2016 09:21:27,,5001589,,1683,11/13/2013 18:07:44,Completed,tigerprop,3BHK,0,Bhandup West,"Bhandup, Mumbai.",19.1478405,sale,72.93437195,,27498537.0,Imperia
05/31/2015 18:30:00,Mumbai,Apartment,03/22/2016 09:21:27,,5001594,,2900,11/13/2013 18:07:44,Completed,tigerprop,3BHK,0,Lower Parel,"Senapati Bapat Marg, Near Lower Parel, Mumbai",19.00847626,sale,72.83326721,,0,Sky
05/31/2015 18:30:00,Mumbai,Apartment,03/22/2016 09:21:27,,5324365,,3080,11/10/2015 10:36:58,Completed,tigerprop,3BHK,0,Lower Parel,"Senapati Bapat Marg, Near Lower Parel, Mumbai",19.00847626,sale,72.83326721,,89012000.0,Sky
05/31/2015 18:30:00,Mumbai,Apartment,03/22/2016 09:21:27,,5001595,,3700,11/13/2013 18:07:44,Completed,tigerprop,3BHK,0,Lower Parel,"Senapati Bapat Marg, Near Lower Parel, Mumbai",19.00847626,sale,72.83326721,,106930000.0,Sky
05/31/2015 18:30:00,Mumbai,Apartment,03/22/2016 09:21:27,,5001596,,5900,11/13/2013 18:07:44,Completed,tigerprop,5BHK,0,Lower Parel,"Senapati Bapat Marg, Near Lower Parel, Mumbai",19.00847626,sale,72.83326721,,0,Sky
05/31/2015 18:30:00,Mumbai,Apartment,03/22/2016 09:21:27,,5001597,,6500,11/13/2013 18:07:44,Completed,tigerprop,5BHK,0,Lower Parel,"Senapati Bapat Marg, Near Lower Parel, Mumbai",19.00847626,sale,72.83326721,,187850000.0,Sky
05/31/2015 18:30:00,Mumbai,Apartment,03/22/2016 09:21:27,,5060223,,6000,11/13/2013 18:07:44,Completed,tigerprop,6BHK,0,Lower Parel,"Senapati Bapat Marg, Near Lower Parel, Mumbai",19.00847626,sale,72.83326721,,0,Sky
05/31/2015 18:30:00,Mumbai,Apartment,03/22/2016 09:21:27,,5324366,,6750,11/10/2015 10:36:58,Completed,tigerprop,6BHK,0,Lower Parel,"Senapati Bapat Marg, Near Lower Parel, Mumbai",19.00847626,sale,72.83326721,,195075000.0,Sky
11/30/2014 18:30:00,Mumbai,Apartment,03/22/2016 09:21:27,,5001725,,1287,11/13/2013 18:07:44,Completed,tigerprop,2BHK,0,Mahalaxmi,"Mahalaxmi, Mumbai",18.98710442,sale,72.8290863,,52499304.0,Primero
11/30/2014 18:30:00,Mumbai,Apartment,03/22/2016 09:21:27,,5001726,,1305,11/13/2013 18:07:44,Completed,tigerprop,2BHK,0,Mahalaxmi,"Mahalaxmi, Mumbai",18.98710442,sale,72.8290863,,0,Primero
11/30/2014 18:30:00,Mumbai,Apartment,03/22/2016 09:21:27,,5001727,,1332,11/13/2013 18:07:44,Completed,tigerprop,2BHK,0,Mahalaxmi,"Mahalaxmi, Mumbai",18.98710442,sale,72.8290863,,0,Primero
11/30/2014 18:30:00,Mumbai,Apartment,03/22/2016 09:21:27,,5324803,,1413,11/16/2015 07:48:29,Completed,tigerprop,2BHK,883,Mahalaxmi,"Mahalaxmi, Mumbai",18.98710442,sale,72.8290863,,0,Primero
11/30/2014 18:30:00,Mumbai,Apartment,03/22/2016 09:21:27,,5302186,,1467,08/14/2015 06:23:45,Completed,tigerprop,2BHK,0,Mahalaxmi,"Mahalaxmi, Mumbai",18.98710442,sale,72.8290863,,0,Primero
11/30/2014 18:30:00,Mumbai,Apartment,03/22/2016 09:21:27,,5001728,,1701,11/13/2013 18:07:44,Completed,tigerprop,3BHK,0,Mahalaxmi,"Mahalaxmi, Mumbai",18.98710442,sale,72.8290863,,0,Primero
11/30/2014 18:30:00,Mumbai,Apartment,03/22/2016 09:21:27,,5001729,,1728,11/13/2013 18:07:44,Completed,tigerprop,3BHK,0,Mahalaxmi,"Mahalaxmi, Mumbai",18.98710442,sale,72.8290863,,0,Primero
11/30/2014 18:30:00,Mumbai,Apartment,03/22/2016 09:21:27,,5001730,,1756,11/13/2013 18:07:44,Completed,tigerprop,3BHK,0,Mahalaxmi,"Mahalaxmi, Mumbai",18.98710442,sale,72.8290863,,0,Primero
11/30/2014 18:30:00,Mumbai,Apartment,03/22/2016 09:21:27,,5001731,,1773,11/13/2013 18:07:44,Completed,tigerprop,3BHK,0,Mahalaxmi,"Mahalaxmi, Mumbai",18.98710442,sale,72.8290863,,0,Primero
11/30/2014 18:30:00,Mumbai,Apartment,03/22/2016 09:21:27,,5001732,,1791,11/13/2013 18:07:44,Completed,tigerprop,3BHK,0,Mahalaxmi,"Mahalaxmi, Mumbai",18.98710442,sale,72.8290863,,0,Primero
11/30/2014 18:30:00,Mumbai,Apartment,03/22/2016 09:21:27,,5001733,,1818,11/13/2013 18:07:44,Completed,tigerprop,3BHK,0,Mahalaxmi,"Mahalaxmi, Mumbai",18.98710442,sale,72.8290863,,0,Primero
11/30/2014 18:30:00,Mumbai,Apartment,03/22/2016 09:21:27,,5324804,,1953,11/16/2015 07:48:29,Completed,tigerprop,3BHK,1217,Mahalaxmi,"Mahalaxmi, Mumbai",18.98710442,sale,72.8290863,,0,Primero
11/30/2014 18:30:00,Mumbai,Apartment,03/22/2016 09:21:27,,5302187,,2007,08/14/2015 06:23:45,Completed,tigerprop,3BHK,0,Mahalaxmi,"Mahalaxmi, Mumbai",18.98710442,sale,72.8290863,,0,Primero
06/29/2010 18:30:00,Mumbai,Apartment,03/22/2016 09:21:27,,5019156,,2650,11/13/2013 18:07:44,Completed,tigerprop,3BHK,0,Worli,"Khan Abdul Gafar Road, Mumbai",19.0150795,sale,72.81750488,,0,Bayview
06/29/2010 18:30:00,Mumbai,Apartment,03/22/2016 09:21:27,,5019155,,0,11/13/2013 18:07:44,Completed,tigerprop,4BHK,0,Worli,"Khan Abdul Gafar Road, Mumbai",19.0150795,sale,72.81750488,,0,Bayview
09/30/2014 18:30:00,Mumbai,Apartment,06/09/2016 00:09:13,,5062963,,0,11/13/2013 18:07:44,Completed,tigerprop,3BHK,1140,Santacruz West,Santacruz West Mumbai.,19.07700348,sale,72.83478546,,0,Boulevard
09/30/2014 18:30:00,Mumbai,Apartment,03/22/2016 09:21:27,,5063199,,0,11/13/2013 18:07:44,Completed,tigerprop,4BHK,1588,Santacruz West,Santacruz West Mumbai.,19.07700348,sale,72.83478546,,0,Boulevard
08/31/2008 18:30:00,Mumbai,Apartment,03/22/2016 09:21:27,,5229862,,0,08/18/2014 06:09:15,Completed,tigerprop,4BHK,0,Babulnath Road,"Dadysheth Lane, Near Babulnath Temple and Chowpatti Beach, Mumbai",18.95687294,sale,72.80771637,,0,Kohinoor
12/30/2009 18:30:00,Mumbai,Apartment,03/22/2016 09:21:27,,5015043,,0,11/13/2013 18:07:44,Completed,tigerprop,2BHK,0,Goregaon East,"Goregaon, Mumbai",19.16966629,sale,72.86525726,,0,Woods
05/31/2016 18:30:00,Mumbai,Apartment,03/22/2016 09:21:27,,5092231,,0,11/13/2013 18:07:44,Under Construction,tigerprop,2BHK,896,Chembur,"16th Road, Opp.Chembur Gymkhana, Chembur(E), Mumbai",19.05902863,sale,72.90127563,,0,The Grand
05/31/2016 18:30:00,Mumbai,Apartment,03/22/2016 09:21:27,,5264259,,0,02/19/2015 10:09:46,Under Construction,tigerprop,3BHK,1257,Chembur,"16th Road, Opp.Chembur Gymkhana, Chembur(E), Mumbai",19.05902863,sale,72.90127563,,0,The Grand
05/31/2016 18:30:00,Mumbai,Apartment,03/22/2016 09:21:27,,5213219,,0,06/02/2014 06:49:11,Under Construction,tigerprop,4BHK,1800,Chembur,"16th Road, Opp.Chembur Gymkhana, Chembur(E), Mumbai",19.05902863,sale,72.90127563,,0,The Grand
05/31/2016 18:30:00,Mumbai,Apartment,03/22/2016 09:21:27,,5291285,,0,07/04/2015 11:30:06,Under Construction,tigerprop,4BHK,1674,Chembur,"16th Road, Opp.Chembur Gymkhana, Chembur(E), Mumbai",19.05902863,sale,72.90127563,,0,The Grand
05/31/2016 18:30:00,Mumbai,Apartment,03/22/2016 09:21:27,,5264271,,0,02/19/2015 10:35:43,Under Construction,tigerprop,5BHK,2400,Chembur,"16th Road, Opp.Chembur Gymkhana, Chembur(E), Mumbai",19.05902863,sale,72.90127563,,0,The Grand
04/30/2015 18:30:00,Mumbai,Apartment,05/16/2016 05:38:42,,5088844,,0,11/13/2013 18:07:44,Completed,tigerprop,4BHK,1510,Santacruz West,"39 Tagore Road, Santacruz West, Mumbai",19.08013916,sale,72.83608246,,0,Kyoto
04/30/2015 18:30:00,Mumbai,Apartment,05/16/2016 05:38:42,,5054376,,0,11/13/2013 18:07:44,Completed,tigerprop,4BHK,1381,Santacruz West,"39 Tagore Road, Santacruz West, Mumbai",19.08013916,sale,72.83608246,,0,Kyoto
04/30/2015 18:30:00,Mumbai,Apartment,05/16/2016 05:38:42,,5088847,,0,11/13/2013 18:07:44,Completed,tigerprop,5BHK,3040,Santacruz West,"39 Tagore Road, Santacruz West, Mumbai",19.08013916,sale,72.83608246,,0,Kyoto
04/30/2015 18:30:00,Mumbai,Apartment,05/16/2016 05:38:42,,5088844,,0,11/13/2013 18:07:44,Completed,tigerprop,4BHK,1510,Santacruz West,"39 Tagore Road, Santacruz West, Mumbai",19.08013916,sale,72.83608246,,0,Kyoto
04/30/2015 18:30:00,Mumbai,Apartment,05/16/2016 05:38:42,,5054376,,0,11/13/2013 18:07:44,Completed,tigerprop,4BHK,1381,Santacruz West,"39 Tagore Road, Santacruz West, Mumbai",19.08013916,sale,72.83608246,,0,Kyoto
04/30/2015 18:30:00,Mumbai,Apartment,05/16/2016 05:38:42,,5088847,,0,11/13/2013 18:07:44,Completed,tigerprop,5BHK,3040,Santacruz West,"39 Tagore Road, Santacruz West, Mumbai",19.08013916,sale,72.83608246,,0,Kyoto
03/31/2016 18:30:00,Mumbai,Apartment,05/26/2016 06:34:23,,5198392,,2740,04/02/2014 09:49:38,Completed,tigerprop,4BHK,1604,Chembur,"Dr, C.G Marg, Opp. HDFC Bank, Chembur, Mumbai",19.04620361,sale,72.90454865,,0,Epitome
03/31/2016 18:30:00,Mumbai,Apartment,05/26/2016 06:34:23,,5160171,,2771,11/15/2013 09:09:26,Completed,tigerprop,4BHK,1630,Chembur,"Dr, C.G Marg, Opp. HDFC Bank, Chembur, Mumbai",19.04620361,sale,72.90454865,,0,Epitome
03/31/2016 18:30:00,Mumbai,Apartment,05/26/2016 06:34:23,,5160172,,5620,11/15/2013 09:09:26,Completed,tigerprop,5BHK,3305,Chembur,"Dr, C.G Marg, Opp. HDFC Bank, Chembur, Mumbai",19.04620361,sale,72.90454865,,0,Epitome
09/29/2012 18:30:00,Mumbai,Apartment,03/22/2016 09:21:27,,5054152,,1175,11/13/2013 18:07:44,Completed,tigerprop,2BHK,0,Chembur,"18th Road, Next to Gandhi Maidan, Chembur (E), Mumbai",19.05906296,sale,72.89857483,,0,Grand
09/29/2012 18:30:00,Mumbai,Apartment,03/22/2016 09:21:27,,5054153,,1665,11/13/2013 18:07:44,Completed,tigerprop,3BHK,0,Chembur,"18th Road, Next to Gandhi Maidan, Chembur (E), Mumbai",19.05906296,sale,72.89857483,,0,Grand
04/30/2013 18:30:00,Mumbai,Apartment,03/22/2016 09:21:27,,5085230,,0,11/13/2013 18:07:44,Completed,tigerprop,3BHK,1572,Bandra West,"24th Road, Opp. Patwardhan Park, Bandra(W), Mumbai",19.0649128,sale,72.83312988,,0,Man Dunes
04/30/2013 18:30:00,Mumbai,Apartment,03/22/2016 09:21:27,,5085231,,0,11/13/2013 18:07:44,Completed,tigerprop,4BHK,2565,Bandra West,"24th Road, Opp. Patwardhan Park, Bandra(W), Mumbai",19.0649128,sale,72.83312988,,0,Man Dunes
09/29/2011 18:30:00,Mumbai,Apartment,03/22/2016 09:21:27,,5081769,,2650,11/13/2013 18:07:44,Completed,tigerprop,3BHK,0,Chembur,"Chembur, Mumbai",19.0548439,sale,72.89835358,,0,Akshay Anand
07/31/2013 18:30:00,Mumbai,Apartment,03/22/2016 09:21:27,,5228086,,1820,08/07/2014 09:28:15,Completed,tigerprop,3BHK,0,Jogeshwari East,"Andheri East, Mumbai",19.14169312,sale,72.86294556,,0,Splendor Grande
09/29/2013 18:30:00,Mumbai,Apartment,03/22/2016 09:21:27,,5050977,,1362,11/13/2013 18:07:44,Completed,tigerprop,2BHK,0,Dadar West,"Dadar West, Mumbai",19.01298332,sale,72.83473206,,0,Woodside
09/29/2013 18:30:00,Mumbai,Apartment,03/22/2016 09:21:27,,5050978,,1701,11/13/2013 18:07:44,Completed,tigerprop,3BHK,0,Dadar West,"Dadar West, Mumbai",19.01298332,sale,72.83473206,,0,Woodside
09/29/2013 18:30:00,Mumbai,Apartment,03/22/2016 09:21:27,,5050979,,2515,11/13/2013 18:07:44,Completed,tigerprop,4BHK,0,Dadar West,"Dadar West, Mumbai",19.01298332,sale,72.83473206,,0,Woodside
11/30/2012 18:30:00,Mumbai,Apartment,05/16/2016 00:46:10,,5001692,,0,11/13/2013 18:07:44,Completed,tigerprop,2BHK,720,Chembur,"Chembur, Mumbai",19.04663849,sale,72.9059906,,0,Maitri Park
11/30/2012 18:30:00,Mumbai,Apartment,05/16/2016 00:46:10,,5001693,,0,11/13/2013 18:07:44,Completed,tigerprop,2BHK,850,Chembur,"Chembur, Mumbai",19.04663849,sale,72.9059906,,0,Maitri Park
11/30/2012 18:30:00,Mumbai,Apartment,05/16/2016 00:46:10,,5001694,,0,11/13/2013 18:07:44,Completed,tigerprop,3BHK,1105,Chembur,"Chembur, Mumbai",19.04663849,sale,72.9059906,,0,Maitri Park
11/30/2012 18:30:00,Mumbai,Apartment,05/16/2016 00:46:10,,5001695,,0,11/13/2013 18:07:44,Completed,tigerprop,5BHK,2675,Chembur,"Chembur, Mumbai",19.04663849,sale,72.9059906,,0,Maitri Park
04/30/2013 18:30:00,Mumbai,Apartment,03/22/2016 09:21:27,,5074995,,1015,11/13/2013 18:07:44,Completed,tigerprop,2BHK,0,Kanjurmarg,"Kanjurmarg, Mumbai",19.12852478,sale,72.93019867,,0,Aurum
04/30/2013 18:30:00,Mumbai,Apartment,03/22/2016 09:21:27,,5071722,,1400,11/13/2013 18:07:44,Completed,tigerprop,3BHK,0,Kanjurmarg,"Kanjurmarg, Mumbai",19.12852478,sale,72.93019867,,0,Aurum
04/30/2013 18:30:00,Mumbai,Apartment,03/22/2016 09:21:27,,5071721,,1431,11/13/2013 18:07:44,Completed,tigerprop,3BHK,0,Kanjurmarg,"Kanjurmarg, Mumbai",19.12852478,sale,72.93019867,,28499796.0,Aurum
10/31/2015 18:30:00,Mumbai,Apartment,06/30/2016 04:10:11,,6556223,,1816,06/16/2016 08:19:33,Completed,tigerprop,3BHK,0,Bandra East,"N. Dharmadhikari Road, Gandhi Nagar, Near MIG Club, Bandra East, Mumbai",19.05670547,sale,72.84822845,,60472800.0,Oriana
10/31/2015 18:30:00,Mumbai,Apartment,06/30/2016 04:10:11,,5001829,,2538,11/13/2013 18:07:44,Completed,tigerprop,3BHK,1586,Bandra East,"N. Dharmadhikari Road, Gandhi Nagar, Near MIG Club, Bandra East, Mumbai",19.05670547,sale,72.84822845,,84515400.0,Oriana
10/31/2015 18:30:00,Mumbai,Apartment,06/30/2016 04:10:11,,5001830,,3354,11/13/2013 18:07:44,Completed,tigerprop,4BHK,2096,Bandra East,"N. Dharmadhikari Road, Gandhi Nagar, Near MIG Club, Bandra East, Mumbai",19.05670547,sale,72.84822845,,111688200.0,Oriana
10/31/2015 18:30:00,Mumbai,Apartment,06/30/2016 04:10:11,,5259271,,3605,01/22/2015 11:53:45,Completed,tigerprop,4BHK,2253,Bandra East,"N. Dharmadhikari Road, Gandhi Nagar, Near MIG Club, Bandra East, Mumbai",19.05670547,sale,72.84822845,,120046500.0,Oriana
08/31/2012 18:30:00,Mumbai,Apartment,03/22/2016 09:21:27,,5000338,,1143,11/13/2013 18:07:44,Completed,tigerprop,2BHK,0,Ghatkopar West,"L.B.S Marg, Ghatkopar West, Mumbai",19.09688568,sale,72.91768646,,23498937.0,Aura
08/31/2012 18:30:00,Mumbai,Apartment,03/22/2016 09:21:27,,5052017,,1179,11/13/2013 18:07:44,Completed,tigerprop,2BHK,0,Ghatkopar West,"L.B.S Marg, Ghatkopar West, Mumbai",19.09688568,sale,72.91768646,,0,Aura
08/31/2012 18:30:00,Mumbai,Apartment,03/22/2016 09:21:27,,5052018,,1224,11/13/2013 18:07:44,Completed,tigerprop,2BHK,0,Ghatkopar West,"L.B.S Marg, Ghatkopar West, Mumbai",19.09688568,sale,72.91768646,,0,Aura
08/31/2012 18:30:00,Mumbai,Apartment,03/22/2016 09:21:27,,5003187,,1360,11/13/2013 18:07:44,Completed,tigerprop,2BHK,0,Ghatkopar West,"L.B.S Marg, Ghatkopar West, Mumbai",19.09688568,sale,72.91768646,,26998720.0,Aura
03/31/2011 18:30:00,Mumbai,Apartment,03/22/2016 09:21:27,,5001660,,2050,11/13/2013 18:07:44,Completed,tigerprop,3BHK,0,Goregaon West,"Off Aarey Piramal Cross Road, Piramal Nagar, Goregaon West, Mumbai",19.16792107,sale,72.84716797,,0,Eminente
03/31/2011 18:30:00,Mumbai,Apartment,03/22/2016 09:21:27,,5001661,,2300,11/13/2013 18:07:44,Completed,tigerprop,3BHK,0,Goregaon West,"Off Aarey Piramal Cross Road, Piramal Nagar, Goregaon West, Mumbai",19.16792107,sale,72.84716797,,0,Eminente
06/30/2015 18:30:00,Mumbai,Apartment,03/22/2016 09:21:27,,5057714,,0,11/13/2013 18:07:44,Completed,tigerprop,2BHK,704,Ghatkopar East,"Plot No.4, CTS No . 5988, Near Vikrant Circle, 60FT Road, Ghatkopar (E), Mumbai",19.07552528,sale,72.90546417,,0,Mystic
06/30/2015 18:30:00,Mumbai,Apartment,03/22/2016 09:21:27,,5057715,,0,11/13/2013 18:07:44,Completed,tigerprop,2BHK,854,Ghatkopar East,"Plot No.4, CTS No . 5988, Near Vikrant Circle, 60FT Road, Ghatkopar (E), Mumbai",19.07552528,sale,72.90546417,,0,Mystic
06/30/2015 18:30:00,Mumbai,Apartment,03/22/2016 09:21:27,,5062916,,0,11/13/2013 18:07:44,Completed,tigerprop,3BHK,1204,Ghatkopar East,"Plot No.4, CTS No . 5988, Near Vikrant Circle, 60FT Road, Ghatkopar (E), Mumbai",19.07552528,sale,72.90546417,,0,Mystic
07/30/2013 18:30:00,Mumbai,Apartment,03/22/2016 09:21:27,,5055959,,1486,11/13/2013 18:07:44,Completed,tigerprop,2BHK,0,Bhandup West,"Bhandup West, Mumbai",19.14088631,sale,72.9330368,,0,Splendour
07/30/2013 18:30:00,Mumbai,Apartment,03/22/2016 09:21:27,,5055960,,1624,11/13/2013 18:07:44,Completed,tigerprop,3BHK,0,Bhandup West,"Bhandup West, Mumbai",19.14088631,sale,72.9330368,,0,Splendour
02/28/2015 18:30:00,Mumbai,Apartment,03/22/2016 09:21:27,,5315634,,930,10/03/2015 09:51:07,Completed,tigerprop,2BHK,558,Malad West,"Evershine Nagar, Malad West, Mumbai",19.19274521,sale,72.83241272,,0,Ankur
02/28/2015 18:30:00,Mumbai,Apartment,03/22/2016 09:21:27,,5315634,,930,10/03/2015 09:51:07,Completed,tigerprop,2BHK,558,Malad West,"Evershine Nagar, Malad West, Mumbai",19.19274521,sale,72.83241272,,0,Ankur
03/31/2015 18:30:00,Mumbai,Apartment,03/22/2016 09:21:27,,5001916,,1746,11/13/2013 18:07:44,Completed,tigerprop,3BHK,0,Bandra West,"Bandra West, Mumbai",19.05542755,sale,72.83119965,,0,Constellation
03/31/2015 18:30:00,Mumbai,Apartment,03/22/2016 09:21:27,,5001917,,1873,11/13/2013 18:07:44,Completed,tigerprop,3BHK,0,Bandra West,"Bandra West, Mumbai",19.05542755,sale,72.83119965,,0,Constellation
03/31/2015 18:30:00,Mumbai,Apartment,03/22/2016 09:21:27,,5001918,,4105,11/13/2013 18:07:44,Completed,tigerprop,4BHK,0,Bandra West,"Bandra West, Mumbai",19.05542755,sale,72.83119965,,0,Constellation
03/31/2015 18:30:00,Mumbai,Apartment,03/22/2016 09:21:27,,5001919,,4495,11/13/2013 18:07:44,Completed,tigerprop,4BHK,0,Bandra West,"Bandra West, Mumbai",19.05542755,sale,72.83119965,,0,Constellation
11/30/2016 18:30:00,Mumbai,Apartment,03/22/2016 09:21:27,,5006867,,1270,11/13/2013 18:07:44,Under Construction,tigerprop,2BHK,0,Mahim,"Mahim, Mumbai",19.03679276,sale,72.84384155,,0,Vayu
11/30/2016 18:30:00,Mumbai,Apartment,03/22/2016 09:21:27,,5006868,,2104,11/13/2013 18:07:44,Under Construction,tigerprop,3BHK,0,Mahim,"Mahim, Mumbai",19.03679276,sale,72.84384155,,0,Vayu
11/30/2016 18:30:00,Mumbai,Apartment,03/22/2016 09:21:27,,5006869,,2308,11/13/2013 18:07:44,Under Construction,tigerprop,3BHK,0,Mahim,"Mahim, Mumbai",19.03679276,sale,72.84384155,,0,Vayu
11/30/2016 18:30:00,Mumbai,Apartment,03/22/2016 09:21:27,,5006870,,3650,11/13/2013 18:07:44,Under Construction,tigerprop,4BHK,0,Mahim,"Mahim, Mumbai",19.03679276,sale,72.84384155,,0,Vayu
01/31/2015 18:30:00,Mumbai,Apartment,03/22/2016 09:21:27,,5214943,,1089,06/11/2014 07:37:44,Completed,tigerprop,2BHK,0,Thane West,"Road No.22, Wagle Estate, opp.LBS Marg, Thane, Mumbai",19.19056892,sale,72.96364594,,14999886.0,Grandezza
01/31/2015 18:30:00,Mumbai,Apartment,03/22/2016 09:21:27,,5054521,,1100,11/13/2013 18:07:44,Completed,tigerprop,2BHK,0,Thane West,"Road No.22, Wagle Estate, opp.LBS Marg, Thane, Mumbai",19.19056892,sale,72.96364594,,0,Grandezza
01/31/2015 18:30:00,Mumbai,Apartment,03/22/2016 09:21:27,,5058216,,1412,11/13/2013 18:07:44,Completed,tigerprop,3BHK,0,Thane West,"Road No.22, Wagle Estate, opp.LBS Marg, Thane, Mumbai",19.19056892,sale,72.96364594,,0,Grandezza
01/31/2015 18:30:00,Mumbai,Apartment,03/22/2016 09:21:27,,5054522,,1500,11/13/2013 18:07:44,Completed,tigerprop,3BHK,0,Thane West,"Road No.22, Wagle Estate, opp.LBS Marg, Thane, Mumbai",19.19056892,sale,72.96364594,,0,Grandezza
11/30/2014 18:30:00,Mumbai,Apartment,06/23/2016 06:39:34,,5058395,,693,11/13/2013 18:07:44,Completed,tigerprop,1BHK,0,Borivali West,"Borivali West, Mumbai",19.24016762,sale,72.84407806,,0,Regalia
11/30/2014 18:30:00,Mumbai,Apartment,06/23/2016 06:39:34,,5058396,,1080,11/13/2013 18:07:44,Completed,tigerprop,2BHK,0,Borivali West,"Borivali West, Mumbai",19.24016762,sale,72.84407806,,0,Regalia
12/30/2013 18:30:00,Mumbai,Apartment,03/22/2016 09:21:27,,5074607,,2540,11/13/2013 18:07:44,Completed,tigerprop,4BHK,0,Chembur,"12th Road, Near Diamond Garden, Chembur(E), Mumbai",19.05729675,sale,72.90247345,,0,Annapoorna
07/31/2014 18:30:00,Mumbai,Apartment,03/22/2016 09:21:27,,5082311,,1440,11/13/2013 18:07:44,Completed,tigerprop,2BHK,0,Kharghar,"Plot No. 74, Sector-18, Kharghar, Mumbai.",19.03316879,sale,73.06988525,,0,Sai Moreshwar Luxuria
07/31/2014 18:30:00,Mumbai,Apartment,03/22/2016 09:21:27,,5082312,,1650,11/13/2013 18:07:44,Completed,tigerprop,3BHK,0,Kharghar,"Plot No. 74, Sector-18, Kharghar, Mumbai.",19.03316879,sale,73.06988525,,0,Sai Moreshwar Luxuria
07/31/2014 18:30:00,Mumbai,Apartment,03/22/2016 09:21:27,,5082313,,1655,11/13/2013 18:07:44,Completed,tigerprop,3BHK,0,Kharghar,"Plot No. 74, Sector-18, Kharghar, Mumbai.",19.03316879,sale,73.06988525,,0,Sai Moreshwar Luxuria
11/30/2015 18:30:00,Mumbai,Apartment,03/22/2016 09:21:27,,5160957,,0,11/18/2013 12:53:43,Completed,tigerprop,2BHK,856,Chembur,"Plot No. 201, Gaothan Road No.1, Opp.Chembur Post Office, Chembur(E), Mumbai",19.05794716,sale,72.89738464,,0,Srinivas
11/30/2015 18:30:00,Mumbai,Apartment,03/22/2016 09:21:27,,5291301,,0,07/04/2015 12:18:20,Completed,tigerprop,3BHK,1182,Chembur,"Plot No. 201, Gaothan Road No.1, Opp.Chembur Post Office, Chembur(E), Mumbai",19.05794716,sale,72.89738464,,0,Srinivas
11/30/2015 18:30:00,Mumbai,Apartment,03/22/2016 09:21:27,,5081801,,0,11/13/2013 18:07:44,Completed,tigerprop,4BHK,1427,Chembur,"Plot No. 201, Gaothan Road No.1, Opp.Chembur Post Office, Chembur(E), Mumbai",19.05794716,sale,72.89738464,,0,Srinivas
06/30/2014 18:30:00,Mumbai,Apartment,03/22/2016 09:21:27,,5062543,,6000,11/13/2013 18:07:44,Completed,tigerprop,4BHK,0,Nerul,"Nerul, Navi Mumbai",19.04296684,sale,73.00915527,,0,EL Castillo
06/30/2014 18:30:00,Mumbai,Apartment,03/22/2016 09:21:27,,5062544,,12000,11/13/2013 18:07:44,Completed,tigerprop,6BHK,0,Nerul,"Nerul, Navi Mumbai",19.04296684,sale,73.00915527,,0,EL Castillo
02/28/2013 18:30:00,Mumbai,Apartment,03/22/2016 09:21:27,,5082222,,6900,11/13/2013 18:07:44,Completed,tigerprop,5BHK,0,Belapur,"Plot No. 77, Sector - 15, CBD Belapur, Navi Mumbai",19.00820923,sale,73.03608704,,0,Castle
12/29/2011 18:30:00,Mumbai,Apartment,03/22/2016 09:21:27,,5007526,,0,11/13/2013 18:07:44,Completed,tigerprop,2BHK,0,Andheri West,"Versova, Andheri West, Mumbai",19.1390667,sale,72.82752991,,0,Shastri Nagar
12/29/2011 18:30:00,Mumbai,Apartment,03/22/2016 09:21:27,,5007527,,0,11/13/2013 18:07:44,Completed,tigerprop,3BHK,0,Andheri West,"Versova, Andheri West, Mumbai",19.1390667,sale,72.82752991,,0,Shastri Nagar
09/30/2015 18:30:00,Mumbai,Apartment,03/22/2016 09:21:27,,5181591,,1000,01/20/2014 12:44:50,Completed,tigerprop,2BHK,0,Girgaon,"Nanubhai Desai Road, Girgaon, Mumbai.",18.9569931,sale,72.82511902,,25000000.0,Pearl
11/30/2014 18:30:00,Mumbai,Apartment,03/22/2016 09:21:27,,5054655,,932,11/13/2013 18:07:44,Completed,tigerprop,2BHK,0,Thane West,"Near Majiwade Junction, Eastern Express Highway, Thane West, Mumbai",19.20812988,sale,72.98791504,,0,Urbania Acura
11/30/2014 18:30:00,Mumbai,Apartment,03/22/2016 09:21:27,,5054654,,952,11/13/2013 18:07:44,Completed,tigerprop,2BHK,0,Thane West,"Near Majiwade Junction, Eastern Express Highway, Thane West, Mumbai",19.20812988,sale,72.98791504,,0,Urbania Acura
11/30/2014 18:30:00,Mumbai,Apartment,03/22/2016 09:21:27,,5054656,,963,11/13/2013 18:07:44,Completed,tigerprop,2BHK,0,Thane West,"Near Majiwade Junction, Eastern Express Highway, Thane West, Mumbai",19.20812988,sale,72.98791504,,0,Urbania Acura
11/30/2014 18:30:00,Mumbai,Apartment,03/22/2016 09:21:27,,5182826,,1011,01/24/2014 09:01:15,Completed,tigerprop,2BHK,0,Thane West,"Near Majiwade Junction, Eastern Express Highway, Thane West, Mumbai",19.20812988,sale,72.98791504,,0,Urbania Acura
08/31/2011 18:30:00,Mumbai,Apartment,03/22/2016 09:21:27,,5078627,,1335,11/13/2013 18:07:44,Completed,tigerprop,2BHK,0,Parel,"G. D. Ambekar Marg (Parel Tank Road), Upper Parel, Mumbai",18.99594307,sale,72.84763336,,49999755.0,Ashok Gardens
08/31/2011 18:30:00,Mumbai,Apartment,03/22/2016 09:21:27,,5078628,,1405,11/13/2013 18:07:44,Completed,tigerprop,2BHK,0,Parel,"G. D. Ambekar Marg (Parel Tank Road), Upper Parel, Mumbai",18.99594307,sale,72.84763336,,57999805.0,Ashok Gardens
08/31/2011 18:30:00,Mumbai,Apartment,03/22/2016 09:21:27,,5078629,,1770,11/13/2013 18:07:44,Completed,tigerprop,3BHK,0,Parel,"G. D. Ambekar Marg (Parel Tank Road), Upper Parel, Mumbai",18.99594307,sale,72.84763336,,0,Ashok Gardens
08/31/2011 18:30:00,Mumbai,Apartment,03/22/2016 09:21:27,,5078630,,1835,11/13/2013 18:07:44,Completed,tigerprop,3BHK,0,Parel,"G. D. Ambekar Marg (Parel Tank Road), Upper Parel, Mumbai",18.99594307,sale,72.84763336,,0,Ashok Gardens
11/30/2012 18:30:00,Mumbai,Apartment,04/07/2016 23:50:08,,5227643,,3500,08/06/2014 04:27:12,Completed,tigerprop,4BHK,0,Powai,"Off Adi Shankaracharya Marg, Powai, Mumbai",19.11652565,sale,72.90129852,,0,Lake Superior
11/30/2012 18:30:00,Mumbai,Apartment,04/07/2016 23:50:52,,5226009,,4500,07/25/2014 11:22:06,Completed,tigerprop,5BHK,0,Powai,"Off Adi Shankaracharya Marg, Powai, Mumbai",19.11652565,sale,72.90129852,,0,Lake Superior
11/30/2012 18:30:00,Mumbai,Apartment,04/07/2016 23:50:08,,5227643,,3500,08/06/2014 04:27:12,Completed,tigerprop,4BHK,0,Powai,"Off Adi Shankaracharya Marg, Powai, Mumbai",19.11652565,sale,72.90129852,,0,Lake Superior
11/30/2012 18:30:00,Mumbai,Apartment,04/07/2016 23:50:52,,5226009,,4500,07/25/2014 11:22:06,Completed,tigerprop,5BHK,0,Powai,"Off Adi Shankaracharya Marg, Powai, Mumbai",19.11652565,sale,72.90129852,,0,Lake Superior
06/29/2008 18:30:00,Mumbai,Apartment,03/22/2016 09:21:27,,5000429,,1377,11/13/2013 18:07:44,Completed,tigerprop,2BHK,0,Jogeshwari East,"Andheri East,  Mumbai.",19.14051628,sale,72.86472321,,32499954.0,Splendor
06/29/2008 18:30:00,Mumbai,Apartment,03/22/2016 09:21:27,,5000430,,1820,11/13/2013 18:07:44,Completed,tigerprop,2BHK,0,Jogeshwari East,"Andheri East,  Mumbai.",19.14051628,sale,72.86472321,,0,Splendor
12/30/2008 18:30:00,Mumbai,Apartment,03/22/2016 09:21:27,,5054772,,0,11/13/2013 18:07:44,Completed,tigerprop,1BHK,0,Panvel,"Panvel, Mumbai",18.98171425,sale,73.12075043,,0,Sky Garden
12/30/2008 18:30:00,Mumbai,Apartment,03/22/2016 09:21:27,,5012161,,1170,11/13/2013 18:07:44,Completed,tigerprop,2BHK,0,Panvel,"Panvel, Mumbai",18.98171425,sale,73.12075043,,0,Sky Garden
06/30/2013 18:30:00,Mumbai,Apartment,03/22/2016 09:21:27,,5058310,,670,11/13/2013 18:07:44,Completed,tigerprop,1BHK,0,Kurla,"Kurla (W), Mumbai 400 070",19.0797596,sale,72.88622284,,0,Premier Residences
06/30/2013 18:30:00,Mumbai,Apartment,03/22/2016 09:21:27,,5058311,,925,11/13/2013 18:07:44,Completed,tigerprop,2BHK,0,Kurla,"Kurla (W), Mumbai 400 070",19.0797596,sale,72.88622284,,10999175.0,Premier Residences
06/30/2013 18:30:00,Mumbai,Apartment,03/22/2016 09:21:27,,5058312,,965,11/13/2013 18:07:44,Completed,tigerprop,2BHK,0,Kurla,"Kurla (W), Mumbai 400 070",19.0797596,sale,72.88622284,,11499905.0,Premier Residences
05/31/2016 18:30:00,Mumbai,Apartment,03/22/2016 09:21:27,,5000453,,1197,11/13/2013 18:07:44,Under Construction,tigerprop,2BHK,795,Kanjurmarg,"Near Kanjurmarg Station, Off Jogeshwari Vikhroli Link Road, Kanjurmarg East, Mumbai",19.12852859,sale,72.9307251,,18551106.0,Aurum Grande
05/31/2016 18:30:00,Mumbai,Apartment,03/22/2016 09:21:27,,5000454,,1404,11/13/2013 18:07:44,Under Construction,tigerprop,3BHK,934,Kanjurmarg,"Near Kanjurmarg Station, Off Jogeshwari Vikhroli Link Road, Kanjurmarg East, Mumbai",19.12852859,sale,72.9307251,,21342204.0,Aurum Grande
05/31/2016 18:30:00,Mumbai,Apartment,03/22/2016 09:21:27,,5000455,,1692,11/13/2013 18:07:44,Under Construction,tigerprop,3BHK,1129,Kanjurmarg,"Near Kanjurmarg Station, Off Jogeshwari Vikhroli Link Road, Kanjurmarg East, Mumbai",19.12852859,sale,72.9307251,,26222616.0,Aurum Grande
02/29/2012 18:30:00,Mumbai,Apartment,03/22/2016 09:21:27,,5185516,,0,02/07/2014 04:47:21,Completed,tigerprop,2BHK,0,Powai,"Powai, Mumbai",19.10622025,sale,72.89893341,,0,Lilium Lantana
02/29/2012 18:30:00,Mumbai,Apartment,03/22/2016 09:21:27,,5185517,,1500,02/07/2014 04:47:21,Completed,tigerprop,3BHK,0,Powai,"Powai, Mumbai",19.10622025,sale,72.89893341,,0,Lilium Lantana
07/31/2011 18:30:00,Mumbai,Apartment,03/22/2016 09:21:27,,5226066,,2125,07/26/2014 05:01:39,Completed,tigerprop,3BHK,0,Powai,"Powai, Mumbai",19.11554146,sale,72.91183472,,0,Glen Dale
09/29/2013 18:30:00,Mumbai,Apartment,03/22/2016 09:21:27,,5000671,,772,11/13/2013 18:07:44,Completed,tigerprop,1BHK,0,Chembur,"Chembur, Mumbai",19.06072617,sale,72.89200592,,0,Raga
09/29/2013 18:30:00,Mumbai,Apartment,03/22/2016 09:21:27,,5211584,,800,05/26/2014 05:38:51,Completed,tigerprop,1BHK,0,Chembur,"Chembur, Mumbai",19.06072617,sale,72.89200592,,0,Raga
09/29/2013 18:30:00,Mumbai,Apartment,03/22/2016 09:21:27,,5000672,,1027,11/13/2013 18:07:44,Completed,tigerprop,2BHK,0,Chembur,"Chembur, Mumbai",19.06072617,sale,72.89200592,,18499351.0,Raga
09/29/2013 18:30:00,Mumbai,Apartment,03/22/2016 09:21:27,,5211585,,1100,05/26/2014 05:38:51,Completed,tigerprop,2BHK,0,Chembur,"Chembur, Mumbai",19.06072617,sale,72.89200592,,0,Raga
09/29/2013 18:30:00,Mumbai,Apartment,03/22/2016 09:21:27,,5000673,,1534,11/13/2013 18:07:44,Completed,tigerprop,3BHK,0,Chembur,"Chembur, Mumbai",19.06072617,sale,72.89200592,,0,Raga
09/29/2013 18:30:00,Mumbai,Apartment,03/22/2016 09:21:27,,5211586,,1550,05/26/2014 05:38:51,Completed,tigerprop,3BHK,0,Chembur,"Chembur, Mumbai",19.06072617,sale,72.89200592,,0,Raga
06/29/2012 18:30:00,Mumbai,Apartment,03/22/2016 09:21:27,,5009251,,1225,11/13/2013 18:07:44,Completed,tigerprop,2BHK,0,Ghatkopar West,"146 LBS Marg at Ghatkopar, Mumbai",19.08775139,sale,72.90280914,,20998950.0,The Orchard Residency
06/29/2012 18:30:00,Mumbai,Apartment,03/22/2016 09:21:27,,5009252,,1360,11/13/2013 18:07:44,Completed,tigerprop,2BHK,0,Ghatkopar West,"146 LBS Marg at Ghatkopar, Mumbai",19.08775139,sale,72.90280914,,0,The Orchard Residency
06/29/2012 18:30:00,Mumbai,Apartment,03/22/2016 09:21:27,,5030517,,1445,11/13/2013 18:07:44,Completed,tigerprop,3BHK,0,Ghatkopar West,"146 LBS Marg at Ghatkopar, Mumbai",19.08775139,sale,72.90280914,,0,The Orchard Residency
06/29/2012 18:30:00,Mumbai,Apartment,03/22/2016 09:21:27,,5030518,,1490,11/13/2013 18:07:44,Completed,tigerprop,3BHK,0,Ghatkopar West,"146 LBS Marg at Ghatkopar, Mumbai",19.08775139,sale,72.90280914,,0,The Orchard Residency
10/31/2015 18:30:00,Mumbai,Apartment,06/16/2016 04:04:44,,5051678,,1300,11/13/2013 18:07:44,Completed,tigerprop,2BHK,0,Juhu,"Near YMCA Lane, Upper Juhu, Mumbai",19.0988903,sale,72.8320694,,0,Elita
10/31/2015 18:30:00,Mumbai,Apartment,06/16/2016 04:04:44,,6556541,,1597,06/16/2016 09:32:07,Completed,tigerprop,2BHK,0,Juhu,"Near YMCA Lane, Upper Juhu, Mumbai",19.0988903,sale,72.8320694,,0,Elita
10/31/2015 18:30:00,Mumbai,Apartment,06/16/2016 04:04:44,,5051679,,2000,11/13/2013 18:07:44,Completed,tigerprop,3BHK,0,Juhu,"Near YMCA Lane, Upper Juhu, Mumbai",19.0988903,sale,72.8320694,,0,Elita
10/31/2015 18:30:00,Mumbai,Apartment,06/16/2016 04:04:44,,6556542,,3185,06/16/2016 09:32:07,Completed,tigerprop,3BHK,0,Juhu,"Near YMCA Lane, Upper Juhu, Mumbai",19.0988903,sale,72.8320694,,0,Elita
10/31/2015 18:30:00,Mumbai,Apartment,06/16/2016 04:04:44,,5051680,,3100,11/13/2013 18:07:44,Completed,tigerprop,4BHK,0,Juhu,"Near YMCA Lane, Upper Juhu, Mumbai",19.0988903,sale,72.8320694,,107997800.0,Elita
10/31/2015 18:30:00,Mumbai,Apartment,06/16/2016 04:04:44,,6556543,,3210,06/16/2016 09:32:07,Completed,tigerprop,4BHK,0,Juhu,"Near YMCA Lane, Upper Juhu, Mumbai",19.0988903,sale,72.8320694,,0,Elita
02/28/2014 18:30:00,Mumbai,Apartment,03/22/2016 09:21:27,,5055105,,1008,11/13/2013 18:07:44,Completed,tigerprop,2BHK,0,Mira Road East,"Simplex Mills Compound, Opposite Thakur Mall, Western Express Highway, Near Dahisar Check Naka, Mira Road East, Mumbai",19.26496506,sale,72.87335205,,10499328.0,Aqua
02/28/2014 18:30:00,Mumbai,Apartment,03/22/2016 09:21:27,,5055109,,1017,11/13/2013 18:07:44,Completed,tigerprop,2BHK,0,Mira Road East,"Simplex Mills Compound, Opposite Thakur Mall, Western Express Highway, Near Dahisar Check Naka, Mira Road East, Mumbai",19.26496506,sale,72.87335205,,0,Aqua
02/28/2014 18:30:00,Mumbai,Apartment,03/22/2016 09:21:27,,5000888,,1026,11/13/2013 18:07:44,Completed,tigerprop,2BHK,0,Mira Road East,"Simplex Mills Compound, Opposite Thakur Mall, Western Express Highway, Near Dahisar Check Naka, Mira Road East, Mumbai",19.26496506,sale,72.87335205,,10799676.0,Aqua
02/28/2014 18:30:00,Mumbai,Apartment,03/22/2016 09:21:27,,5055106,,1395,11/13/2013 18:07:44,Completed,tigerprop,3BHK,0,Mira Road East,"Simplex Mills Compound, Opposite Thakur Mall, Western Express Highway, Near Dahisar Check Naka, Mira Road East, Mumbai",19.26496506,sale,72.87335205,,15199920.0,Aqua
02/28/2014 18:30:00,Mumbai,Apartment,03/22/2016 09:21:27,,5055107,,1449,11/13/2013 18:07:44,Completed,tigerprop,3BHK,0,Mira Road East,"Simplex Mills Compound, Opposite Thakur Mall, Western Express Highway, Near Dahisar Check Naka, Mira Road East, Mumbai",19.26496506,sale,72.87335205,,0,Aqua
02/28/2014 18:30:00,Mumbai,Apartment,03/22/2016 09:21:27,,5000889,,1665,11/13/2013 18:07:44,Completed,tigerprop,3BHK,0,Mira Road East,"Simplex Mills Compound, Opposite Thakur Mall, Western Express Highway, Near Dahisar Check Naka, Mira Road East, Mumbai",19.26496506,sale,72.87335205,,26498475.0,Aqua
02/28/2014 18:30:00,Mumbai,Apartment,03/22/2016 09:21:27,,5075091,,2223,11/13/2013 18:07:44,Completed,tigerprop,4BHK,0,Mira Road East,"Simplex Mills Compound, Opposite Thakur Mall, Western Express Highway, Near Dahisar Check Naka, Mira Road East, Mumbai",19.26496506,sale,72.87335205,,0,Aqua
10/30/2013 18:30:00,Mumbai,Apartment,03/22/2016 09:21:27,,5025730,,924,11/13/2013 18:07:44,Completed,tigerprop,2BHK,0,Powai,"Powai, Mumbai",19.10516357,sale,72.89817047,,0,Jonquille and Jamaica
10/30/2013 18:30:00,Mumbai,Apartment,03/22/2016 09:21:27,,5055704,,978,11/13/2013 18:07:44,Completed,tigerprop,2BHK,0,Powai,"Powai, Mumbai",19.10516357,sale,72.89817047,,0,Jonquille and Jamaica
04/30/2011 18:30:00,Mumbai,Apartment,03/22/2016 09:21:27,,5056182,,1388,11/13/2013 18:07:44,Completed,tigerprop,2BHK,0,Lower Parel,"Lower Parel, Mumbai",18.99641609,sale,72.82364655,,0,Nextgen Era
04/30/2011 18:30:00,Mumbai,Apartment,03/22/2016 09:21:27,,5056183,,1800,11/13/2013 18:07:44,Completed,tigerprop,3BHK,0,Lower Parel,"Lower Parel, Mumbai",18.99641609,sale,72.82364655,,0,Nextgen Era
04/30/2011 18:30:00,Mumbai,Apartment,03/22/2016 09:21:27,,5056184,,5800,11/13/2013 18:07:44,Completed,tigerprop,5BHK,0,Lower Parel,"Lower Parel, Mumbai",18.99641609,sale,72.82364655,,0,Nextgen Era
01/31/2011 18:30:00,Mumbai,Apartment,07/11/2016 02:06:46,,5185459,,900,02/06/2014 12:02:28,Completed,tigerprop,2BHK,0,Powai,"Amrit Shakti Road, Chandivali, Powai&#8206;, Mumbai",19.10470772,sale,72.89698029,,0,Yarrow Yucca Vinca
01/31/2011 18:30:00,Mumbai,Apartment,07/11/2016 02:06:46,,5282194,,1372,05/20/2015 11:56:00,Completed,tigerprop,3BHK,0,Powai,"Amrit Shakti Road, Chandivali, Powai&#8206;, Mumbai",19.10470772,sale,72.89698029,,0,Yarrow Yucca Vinca
01/31/2011 18:30:00,Mumbai,Apartment,07/11/2016 02:06:46,,5185460,,1444,02/06/2014 12:02:28,Completed,tigerprop,3BHK,0,Powai,"Amrit Shakti Road, Chandivali, Powai&#8206;, Mumbai",19.10470772,sale,72.89698029,,0,Yarrow Yucca Vinca
01/31/2011 18:30:00,Mumbai,Apartment,07/11/2016 02:06:46,,5319393,,3238,10/21/2015 09:39:14,Completed,tigerprop,4BHK,0,Powai,"Amrit Shakti Road, Chandivali, Powai&#8206;, Mumbai",19.10470772,sale,72.89698029,,0,Yarrow Yucca Vinca
01/31/2011 18:30:00,Mumbai,Apartment,07/11/2016 02:06:46,,5319394,,3800,10/21/2015 09:39:14,Completed,tigerprop,4BHK,0,Powai,"Amrit Shakti Road, Chandivali, Powai&#8206;, Mumbai",19.10470772,sale,72.89698029,,0,Yarrow Yucca Vinca
01/31/2011 18:30:00,Mumbai,Apartment,07/11/2016 02:06:46,,5319395,,4555,10/21/2015 09:39:14,Completed,tigerprop,4BHK,0,Powai,"Amrit Shakti Road, Chandivali, Powai&#8206;, Mumbai",19.10470772,sale,72.89698029,,0,Yarrow Yucca Vinca
04/30/2005 18:30:00,Mumbai,Apartment,03/22/2016 09:21:27,,5003252,,882,11/13/2013 18:07:44,Completed,tigerprop,2BHK,0,Thane West,"Thane(West), Mumbai.",19.2126503,sale,72.9861145,,0,Paradise
04/30/2005 18:30:00,Mumbai,Apartment,03/22/2016 09:21:27,,5003253,,1053,11/13/2013 18:07:44,Completed,tigerprop,2BHK,0,Thane West,"Thane(West), Mumbai.",19.2126503,sale,72.9861145,,0,Paradise
04/30/2005 18:30:00,Mumbai,Apartment,03/22/2016 09:21:27,,5003252,,882,11/13/2013 18:07:44,Completed,tigerprop,2BHK,0,Thane West,"Thane(West), Mumbai.",19.2126503,sale,72.9861145,,0,Paradise
04/30/2005 18:30:00,Mumbai,Apartment,03/22/2016 09:21:27,,5003253,,1053,11/13/2013 18:07:44,Completed,tigerprop,2BHK,0,Thane West,"Thane(West), Mumbai.",19.2126503,sale,72.9861145,,0,Paradise
11/30/2014 18:30:00,Mumbai,Apartment,07/04/2016 00:17:08,,5208456,,2650,05/14/2014 09:06:09,Completed,tigerprop,3BHK,0,Bandra West,"Near Gurunanak Park, 28th Road, Bandra West, Mumbai",19.06064796,sale,72.83112335,,0,Serene
11/30/2014 18:30:00,Mumbai,Apartment,07/04/2016 00:17:17,,5208457,,3000,05/14/2014 09:06:09,Completed,tigerprop,4BHK,0,Bandra West,"Near Gurunanak Park, 28th Road, Bandra West, Mumbai",19.06064796,sale,72.83112335,,0,Serene
11/29/2011 18:30:00,Mumbai,Apartment,03/22/2016 09:21:27,,5001863,,1450,11/13/2013 18:07:44,Completed,tigerprop,3BHK,0,Napeansea Road,"Napean Sea Road, Mumbai",18.9632206,sale,72.80236816,,0,Costiera
11/29/2011 18:30:00,Mumbai,Apartment,03/22/2016 09:21:27,,5324945,,5814,11/16/2015 11:31:31,Completed,tigerprop,3BHK,0,Napeansea Road,"Napean Sea Road, Mumbai",18.9632206,sale,72.80236816,,0,Costiera
11/29/2011 18:30:00,Mumbai,Apartment,03/22/2016 09:21:27,,5001864,,2500,11/13/2013 18:07:44,Completed,tigerprop,4BHK,0,Napeansea Road,"Napean Sea Road, Mumbai",18.9632206,sale,72.80236816,,0,Costiera
11/29/2011 18:30:00,Mumbai,Apartment,03/22/2016 09:21:27,,5001865,,3150,11/13/2013 18:07:44,Completed,tigerprop,4BHK,0,Napeansea Road,"Napean Sea Road, Mumbai",18.9632206,sale,72.80236816,,299999700.0,Costiera
11/29/2011 18:30:00,Mumbai,Apartment,03/22/2016 09:21:27,,5066755,,7000,11/13/2013 18:07:44,Completed,tigerprop,5BHK,0,Napeansea Road,"Napean Sea Road, Mumbai",18.9632206,sale,72.80236816,,0,Costiera
01/31/2015 18:30:00,Mumbai,Apartment,03/22/2016 09:21:27,,5088016,,0,11/13/2013 18:07:44,Completed,tigerprop,2BHK,692,Chembur,"Behind OLPS Church, Ghatla, Chembur, Chennai",19.05389977,sale,72.90577698,,23499628.0,Aura Apartment
03/30/2008 18:30:00,Mumbai,Apartment,03/22/2016 09:21:27,,5020900,,0,11/13/2013 18:07:44,Completed,tigerprop,2BHK,0,Sion,"Sion, Mumbai.",19.03209114,sale,72.86161041,,0,Karma kshetra
05/31/2016 18:30:00,Mumbai,Apartment,05/16/2016 22:26:21,,5068784,,0,11/13/2013 18:07:44,Under Construction,tigerprop,3BHK,1100,Khar,"18th Road, Khar, Mumbai",19.07341766,sale,72.82896423,,0,Maplewood
01/31/2009 18:30:00,Mumbai,Apartment,04/08/2016 02:14:43,,5261225,,1320,02/04/2015 10:17:14,Completed,tigerprop,2BHK,0,Khar,"Khar West, Mumbai",19.07025719,sale,72.83271027,,0,Royal Accord
01/31/2009 18:30:00,Mumbai,Apartment,04/08/2016 02:15:12,,5261249,,1600,02/04/2015 11:02:28,Completed,tigerprop,3BHK,0,Khar,"Khar West, Mumbai",19.07025719,sale,72.83271027,,0,Royal Accord
01/31/2009 18:30:00,Mumbai,Apartment,04/08/2016 02:15:21,,5261250,,1700,02/04/2015 11:02:28,Completed,tigerprop,3BHK,0,Khar,"Khar West, Mumbai",19.07025719,sale,72.83271027,,0,Royal Accord
01/31/2009 18:30:00,Mumbai,Apartment,04/08/2016 02:15:34,,5261226,,1770,02/04/2015 10:17:14,Completed,tigerprop,3BHK,0,Khar,"Khar West, Mumbai",19.07025719,sale,72.83271027,,0,Royal Accord
11/30/2016 18:30:00,Mumbai,Apartment,03/22/2016 09:21:27,,5006600,,843,11/13/2013 18:07:44,Under Construction,tigerprop,2BHK,0,Vikhroli,"Vikhroli, Mumbai",19.10345078,sale,72.92726898,,0,Platinum
11/30/2016 18:30:00,Mumbai,Apartment,03/22/2016 09:21:27,,5006601,,859,11/13/2013 18:07:44,Under Construction,tigerprop,2BHK,0,Vikhroli,"Vikhroli, Mumbai",19.10345078,sale,72.92726898,,0,Platinum
11/30/2016 18:30:00,Mumbai,Apartment,03/22/2016 09:21:27,,5034057,,1110,11/13/2013 18:07:44,Under Construction,tigerprop,3BHK,0,Vikhroli,"Vikhroli, Mumbai",19.10345078,sale,72.92726898,,0,Platinum
11/30/2016 18:30:00,Mumbai,Apartment,03/22/2016 09:21:27,,5030424,,1714,11/13/2013 18:07:44,Under Construction,tigerprop,4BHK,0,Vikhroli,"Vikhroli, Mumbai",19.10345078,sale,72.92726898,,0,Platinum
11/30/2016 18:30:00,Mumbai,Apartment,03/22/2016 09:21:27,,5194338,,1762,03/15/2014 10:33:58,Under Construction,tigerprop,4BHK,0,Vikhroli,"Vikhroli, Mumbai",19.10345078,sale,72.92726898,,0,Platinum
11/30/2014 18:30:00,Mumbai,Apartment,06/09/2016 00:07:08,,5062919,,0,11/13/2013 18:07:44,Completed,tigerprop,2BHK,760,Santacruz West,"Besant Road, Behind Hi-Life Mall, Off S.V. Road, Santacruz West, Mumbai",19.08306694,sale,72.84003448,,0,Heritage
11/30/2014 18:30:00,Mumbai,Apartment,03/22/2016 09:21:27,,5062920,,0,11/13/2013 18:07:44,Completed,tigerprop,2BHK,840,Santacruz West,"Besant Road, Behind Hi-Life Mall, Off S.V. Road, Santacruz West, Mumbai",19.08306694,sale,72.84003448,,0,Heritage
11/30/2014 18:30:00,Mumbai,Apartment,03/22/2016 09:21:27,,5080729,,0,11/13/2013 18:07:44,Completed,tigerprop,3BHK,1061,Santacruz West,"Besant Road, Behind Hi-Life Mall, Off S.V. Road, Santacruz West, Mumbai",19.08306694,sale,72.84003448,,0,Heritage
11/30/2014 18:30:00,Mumbai,Apartment,03/22/2016 09:21:27,,5063420,,0,11/13/2013 18:07:44,Completed,tigerprop,4BHK,1410,Santacruz West,"Besant Road, Behind Hi-Life Mall, Off S.V. Road, Santacruz West, Mumbai",19.08306694,sale,72.84003448,,0,Heritage
05/31/2014 18:30:00,Mumbai,Apartment,03/22/2016 09:21:27,,5283405,,3200,05/30/2015 06:09:10,Completed,tigerprop,4BHK,0,Chembur,"511, 12th Road, Near Diamond Garden, Chembur, Mumbai",19.05748177,sale,72.90200043,,0,Annapoorna
12/31/2013 18:30:00,Mumbai,Apartment,03/22/2016 09:21:27,,5087994,,1068,11/13/2013 18:07:44,Completed,tigerprop,2BHK,0,Chembur,"Collectors Colony, Chembur, Mumbai",19.04415894,sale,72.89218903,,0,Trinity Apartments
12/31/2008 18:30:00,Mumbai,Apartment,03/22/2016 09:21:27,,5002651,,1794,11/13/2013 18:07:44,Completed,tigerprop,3BHK,0,Kanjurmarg,"Kanjurmarg West, Mumbai",19.13440323,sale,72.9289093,,0,GE Gardens
12/31/2008 18:30:00,Mumbai,Apartment,03/22/2016 09:21:27,,5002652,,1802,11/13/2013 18:07:44,Completed,tigerprop,3BHK,0,Kanjurmarg,"Kanjurmarg West, Mumbai",19.13440323,sale,72.9289093,,0,GE Gardens
12/31/2008 18:30:00,Mumbai,Apartment,03/22/2016 09:21:27,,5002653,,2247,11/13/2013 18:07:44,Completed,tigerprop,4BHK,0,Kanjurmarg,"Kanjurmarg West, Mumbai",19.13440323,sale,72.9289093,,0,GE Gardens
02/29/2016 18:30:00,Mumbai,Apartment,03/22/2016 09:21:27,,5063366,,750,11/13/2013 18:07:44,Under Construction,tigerprop,1BHK,0,Goregaon West,"Near Jawahar Nagar, Goregaon West, Mumbai",19.15621376,sale,72.84657288,,0,Nutan Annexe
02/29/2016 18:30:00,Mumbai,Apartment,03/22/2016 09:21:27,,5063367,,1250,11/13/2013 18:07:44,Under Construction,tigerprop,2BHK,0,Goregaon West,"Near Jawahar Nagar, Goregaon West, Mumbai",19.15621376,sale,72.84657288,,0,Nutan Annexe
02/29/2016 18:30:00,Mumbai,Apartment,03/22/2016 09:21:27,,5063368,,1650,11/13/2013 18:07:44,Under Construction,tigerprop,3BHK,0,Goregaon West,"Near Jawahar Nagar, Goregaon West, Mumbai",19.15621376,sale,72.84657288,,0,Nutan Annexe
01/31/2015 18:30:00,Mumbai,Apartment,03/22/2016 09:21:27,,5159609,,1309,11/14/2013 06:45:18,Completed,tigerprop,2BHK,0,Ghansoli,"Ghansoli, Mumbai",19.11169052,sale,72.92162323,,0,Heights
01/31/2015 18:30:00,Mumbai,Apartment,03/22/2016 09:21:27,,5159610,,1459,11/14/2013 06:45:18,Completed,tigerprop,3BHK,0,Ghansoli,"Ghansoli, Mumbai",19.11169052,sale,72.92162323,,0,Heights
01/31/2015 18:30:00,Mumbai,Apartment,03/22/2016 09:21:27,,5159611,,1515,11/14/2013 06:45:18,Completed,tigerprop,3BHK,0,Ghansoli,"Ghansoli, Mumbai",19.11169052,sale,72.92162323,,0,Heights
01/31/2015 18:30:00,Mumbai,Apartment,03/22/2016 09:21:27,,5231467,,1550,08/22/2014 12:56:16,Completed,tigerprop,3BHK,0,Ghansoli,"Ghansoli, Mumbai",19.11169052,sale,72.92162323,,0,Heights
11/30/2015 18:30:00,Mumbai,Apartment,03/22/2016 09:21:27,,5260480,,408,01/30/2015 12:41:16,Under Construction,tigerprop,1BHK,0,Thane West,"Kharkar Ali, Thane(w), Mumbai",19.19530296,sale,72.98025513,,0,Neelkanth
11/30/2015 18:30:00,Mumbai,Apartment,03/22/2016 09:21:27,,5260479,,460,01/30/2015 12:41:16,Under Construction,tigerprop,1BHK,0,Thane West,"Kharkar Ali, Thane(w), Mumbai",19.19530296,sale,72.98025513,,0,Neelkanth
11/30/2015 18:30:00,Mumbai,Apartment,03/22/2016 09:21:27,,5260478,,495,01/30/2015 12:41:16,Under Construction,tigerprop,1BHK,0,Thane West,"Kharkar Ali, Thane(w), Mumbai",19.19530296,sale,72.98025513,,0,Neelkanth
11/30/2015 18:30:00,Mumbai,Apartment,03/22/2016 09:21:27,,5260477,,510,01/30/2015 12:41:16,Under Construction,tigerprop,1BHK,0,Thane West,"Kharkar Ali, Thane(w), Mumbai",19.19530296,sale,72.98025513,,0,Neelkanth
11/30/2015 18:30:00,Mumbai,Apartment,03/22/2016 09:21:27,,5260476,,530,01/30/2015 12:41:16,Under Construction,tigerprop,1BHK,0,Thane West,"Kharkar Ali, Thane(w), Mumbai",19.19530296,sale,72.98025513,,0,Neelkanth
11/30/2015 18:30:00,Mumbai,Apartment,03/22/2016 09:21:27,,5260482,,710,01/30/2015 12:41:16,Under Construction,tigerprop,2BHK,0,Thane West,"Kharkar Ali, Thane(w), Mumbai",19.19530296,sale,72.98025513,,0,Neelkanth
11/30/2015 18:30:00,Mumbai,Apartment,03/22/2016 09:21:27,,5260481,,1009,01/30/2015 12:41:16,Under Construction,tigerprop,2BHK,0,Thane West,"Kharkar Ali, Thane(w), Mumbai",19.19530296,sale,72.98025513,,0,Neelkanth
11/30/2015 18:30:00,Mumbai,Apartment,03/22/2016 09:21:27,,5260490,,920,01/30/2015 12:53:34,Under Construction,tigerprop,3BHK,0,Thane West,"Kharkar Ali, Thane(w), Mumbai",19.19530296,sale,72.98025513,,0,Neelkanth
11/30/2015 18:30:00,Mumbai,Apartment,03/22/2016 09:21:27,,5260489,,995,01/30/2015 12:53:34,Under Construction,tigerprop,3BHK,0,Thane West,"Kharkar Ali, Thane(w), Mumbai",19.19530296,sale,72.98025513,,0,Neelkanth
11/30/2015 18:30:00,Mumbai,Apartment,03/22/2016 09:21:27,,5260488,,1027,01/30/2015 12:53:34,Under Construction,tigerprop,3BHK,0,Thane West,"Kharkar Ali, Thane(w), Mumbai",19.19530296,sale,72.98025513,,0,Neelkanth
11/30/2015 18:30:00,Mumbai,Apartment,03/22/2016 09:21:27,,5260480,,408,01/30/2015 12:41:16,Under Construction,tigerprop,1BHK,0,Thane West,"Kharkar Ali, Thane(w), Mumbai",19.19530296,sale,72.98025513,,0,Neelkanth
11/30/2015 18:30:00,Mumbai,Apartment,03/22/2016 09:21:27,,5260479,,460,01/30/2015 12:41:16,Under Construction,tigerprop,1BHK,0,Thane West,"Kharkar Ali, Thane(w), Mumbai",19.19530296,sale,72.98025513,,0,Neelkanth
11/30/2015 18:30:00,Mumbai,Apartment,03/22/2016 09:21:27,,5260478,,495,01/30/2015 12:41:16,Under Construction,tigerprop,1BHK,0,Thane West,"Kharkar Ali, Thane(w), Mumbai",19.19530296,sale,72.98025513,,0,Neelkanth
11/30/2015 18:30:00,Mumbai,Apartment,03/22/2016 09:21:27,,5260477,,510,01/30/2015 12:41:16,Under Construction,tigerprop,1BHK,0,Thane West,"Kharkar Ali, Thane(w), Mumbai",19.19530296,sale,72.98025513,,0,Neelkanth
11/30/2015 18:30:00,Mumbai,Apartment,03/22/2016 09:21:27,,5260476,,530,01/30/2015 12:41:16,Under Construction,tigerprop,1BHK,0,Thane West,"Kharkar Ali, Thane(w), Mumbai",19.19530296,sale,72.98025513,,0,Neelkanth
11/30/2015 18:30:00,Mumbai,Apartment,03/22/2016 09:21:27,,5260482,,710,01/30/2015 12:41:16,Under Construction,tigerprop,2BHK,0,Thane West,"Kharkar Ali, Thane(w), Mumbai",19.19530296,sale,72.98025513,,0,Neelkanth
11/30/2015 18:30:00,Mumbai,Apartment,03/22/2016 09:21:27,,5260481,,1009,01/30/2015 12:41:16,Under Construction,tigerprop,2BHK,0,Thane West,"Kharkar Ali, Thane(w), Mumbai",19.19530296,sale,72.98025513,,0,Neelkanth
11/30/2015 18:30:00,Mumbai,Apartment,03/22/2016 09:21:27,,5260490,,920,01/30/2015 12:53:34,Under Construction,tigerprop,3BHK,0,Thane West,"Kharkar Ali, Thane(w), Mumbai",19.19530296,sale,72.98025513,,0,Neelkanth
11/30/2015 18:30:00,Mumbai,Apartment,03/22/2016 09:21:27,,5260489,,995,01/30/2015 12:53:34,Under Construction,tigerprop,3BHK,0,Thane West,"Kharkar Ali, Thane(w), Mumbai",19.19530296,sale,72.98025513,,0,Neelkanth
11/30/2015 18:30:00,Mumbai,Apartment,03/22/2016 09:21:27,,5260488,,1027,01/30/2015 12:53:34,Under Construction,tigerprop,3BHK,0,Thane West,"Kharkar Ali, Thane(w), Mumbai",19.19530296,sale,72.98025513,,0,Neelkanth
01/31/2013 18:30:00,Mumbai,Apartment,03/22/2016 09:21:27,,5258890,,595,01/21/2015 05:12:34,Completed,tigerprop,1BHK,0,Kalyan West,"Kalyan West, Mumbai",19.24737549,sale,73.15209961,,0,Rosemary And Rosewood
01/31/2013 18:30:00,Mumbai,Apartment,03/22/2016 09:21:27,,5258891,,925,01/21/2015 05:12:34,Completed,tigerprop,2BHK,0,Kalyan West,"Kalyan West, Mumbai",19.24737549,sale,73.15209961,,0,Rosemary And Rosewood
01/31/2013 18:30:00,Mumbai,Apartment,03/22/2016 09:21:27,,5319002,,1500,10/20/2015 06:49:57,Completed,tigerprop,2BHK,0,Kalyan West,"Kalyan West, Mumbai",19.24737549,sale,73.15209961,,0,Rosemary And Rosewood
05/31/2015 18:30:00,Mumbai,Apartment,03/22/2016 09:21:27,,5027441,,1050,11/13/2013 18:07:44,Under Construction,tigerprop,2BHK,0,Seawoods,"Plot No. 30 Sector - 25, Nerul, Navi Mumbai",19.02075195,sale,73.0227356,,0,Zion II
05/31/2015 18:30:00,Mumbai,Apartment,03/22/2016 09:21:27,,5027440,,1435,11/13/2013 18:07:44,Under Construction,tigerprop,3BHK,0,Seawoods,"Plot No. 30 Sector - 25, Nerul, Navi Mumbai",19.02075195,sale,73.0227356,,0,Zion II
10/31/2015 18:30:00,Mumbai,Apartment,03/22/2016 09:21:27,,5061964,,0,11/13/2013 18:07:44,Completed,tigerprop,2BHK,635,Andheri West,"Near Tata Colony, Lallu Bhai Park, Andheri West, Mumbai",19.11359787,sale,72.84503174,,0,Park Vistas
10/31/2015 18:30:00,Mumbai,Apartment,03/22/2016 09:21:27,,5184231,,0,01/31/2014 06:50:50,Completed,tigerprop,2BHK,570,Andheri West,"Near Tata Colony, Lallu Bhai Park, Andheri West, Mumbai",19.11359787,sale,72.84503174,,0,Park Vistas
10/31/2015 18:30:00,Mumbai,Apartment,03/22/2016 09:21:27,,5061965,,0,11/13/2013 18:07:44,Completed,tigerprop,3BHK,860,Andheri West,"Near Tata Colony, Lallu Bhai Park, Andheri West, Mumbai",19.11359787,sale,72.84503174,,0,Park Vistas
10/31/2015 18:30:00,Mumbai,Apartment,03/22/2016 09:21:27,,5184232,,0,01/31/2014 06:50:50,Completed,tigerprop,3BHK,855,Andheri West,"Near Tata Colony, Lallu Bhai Park, Andheri West, Mumbai",19.11359787,sale,72.84503174,,0,Park Vistas
11/30/2015 18:30:00,Mumbai,Apartment,03/22/2016 09:21:27,,5003130,,1068,11/13/2013 18:07:44,Under Construction,tigerprop,2BHK,0,Andheri East,"Parsi Panchayat Road, Andheri(E) Mumbai",19.12514877,sale,72.85254669,,0,Shikhar
11/30/2015 18:30:00,Mumbai,Apartment,03/22/2016 09:21:27,,5055883,,1079,11/13/2013 18:07:44,Under Construction,tigerprop,2BHK,0,Andheri East,"Parsi Panchayat Road, Andheri(E) Mumbai",19.12514877,sale,72.85254669,,0,Shikhar
11/30/2015 18:30:00,Mumbai,Apartment,03/22/2016 09:21:27,,5055884,,1092,11/13/2013 18:07:44,Under Construction,tigerprop,2BHK,0,Andheri East,"Parsi Panchayat Road, Andheri(E) Mumbai",19.12514877,sale,72.85254669,,0,Shikhar
11/30/2015 18:30:00,Mumbai,Apartment,03/22/2016 09:21:27,,5058131,,1175,11/13/2013 18:07:44,Under Construction,tigerprop,2BHK,0,Andheri East,"Parsi Panchayat Road, Andheri(E) Mumbai",19.12514877,sale,72.85254669,,0,Shikhar
11/30/2015 18:30:00,Mumbai,Apartment,03/22/2016 09:21:27,,5058130,,1200,11/13/2013 18:07:44,Under Construction,tigerprop,2BHK,0,Andheri East,"Parsi Panchayat Road, Andheri(E) Mumbai",19.12514877,sale,72.85254669,,0,Shikhar
11/30/2015 18:30:00,Mumbai,Apartment,03/22/2016 09:21:27,,5055885,,1275,11/13/2013 18:07:44,Under Construction,tigerprop,2BHK,0,Andheri East,"Parsi Panchayat Road, Andheri(E) Mumbai",19.12514877,sale,72.85254669,,0,Shikhar
11/30/2015 18:30:00,Mumbai,Apartment,03/22/2016 09:21:27,,5055886,,1277,11/13/2013 18:07:44,Under Construction,tigerprop,2BHK,0,Andheri East,"Parsi Panchayat Road, Andheri(E) Mumbai",19.12514877,sale,72.85254669,,0,Shikhar
11/30/2015 18:30:00,Mumbai,Apartment,03/22/2016 09:21:27,,5172525,,1405,12/17/2013 07:25:09,Under Construction,tigerprop,2BHK,0,Andheri East,"Parsi Panchayat Road, Andheri(E) Mumbai",19.12514877,sale,72.85254669,,0,Shikhar
12/31/2013 18:30:00,Mumbai,Apartment,04/12/2016 01:43:54,,5001662,,2700,11/13/2013 18:07:44,Completed,tigerprop,3BHK,0,Goregaon West,"Opp. Inorbit Mall, Goregaon - Mulund Link Road, Goregaon (W), Mumbai",19.17259789,sale,72.83836365,,59999400.0,Pinnacle
12/31/2013 18:30:00,Mumbai,Apartment,04/12/2016 01:46:58,,5001663,,3850,11/13/2013 18:07:44,Completed,tigerprop,4BHK,0,Goregaon West,"Opp. Inorbit Mall, Goregaon - Mulund Link Road, Goregaon (W), Mumbai",19.17259789,sale,72.83836365,,0,Pinnacle
12/31/2013 18:30:00,Mumbai,Apartment,04/12/2016 01:49:11,,5059519,,3900,11/13/2013 18:07:44,Completed,tigerprop,4BHK,0,Goregaon West,"Opp. Inorbit Mall, Goregaon - Mulund Link Road, Goregaon (W), Mumbai",19.17259789,sale,72.83836365,,95000100.0,Pinnacle
03/27/2014 18:30:00,Mumbai,Apartment,03/22/2016 09:21:27,,5073821,,0,11/13/2013 18:07:44,Completed,tigerprop,3BHK,0,Chembur,"Opposite Jain Mandir, 10th Road, Chembur, Mumbai",19.05637169,sale,72.89585876,,0,Abhilash
03/27/2014 18:30:00,Mumbai,Apartment,03/22/2016 09:21:27,,5073822,,0,11/13/2013 18:07:44,Completed,tigerprop,4BHK,0,Chembur,"Opposite Jain Mandir, 10th Road, Chembur, Mumbai",19.05637169,sale,72.89585876,,0,Abhilash
11/30/2013 18:30:00,Mumbai,Apartment,03/22/2016 09:21:27,,5062542,,899,11/13/2013 18:07:44,Completed,tigerprop,2BHK,0,Powai,"Chandivali, Mumbai",19.10443115,sale,72.89833069,,0,Laurel and Lilac
05/31/2007 18:30:00,Mumbai,Apartment,03/22/2016 09:21:27,,5229781,,1600,08/18/2014 04:38:37,Completed,tigerprop,2BHK,0,Worli,"Dr. E. Moses Road Near Nehru Science Centre, Worli, Mumbai",18.99376106,sale,72.82124329,,0,Zahra
05/31/2007 18:30:00,Mumbai,Apartment,03/22/2016 09:21:27,,5229782,,2130,08/18/2014 04:38:37,Completed,tigerprop,3BHK,0,Worli,"Dr. E. Moses Road Near Nehru Science Centre, Worli, Mumbai",18.99376106,sale,72.82124329,,0,Zahra
05/31/2007 18:30:00,Mumbai,Apartment,03/22/2016 09:21:27,,5229783,,2892,08/18/2014 04:38:37,Completed,tigerprop,4BHK,0,Worli,"Dr. E. Moses Road Near Nehru Science Centre, Worli, Mumbai",18.99376106,sale,72.82124329,,0,Zahra
05/31/2007 18:30:00,Mumbai,Apartment,03/22/2016 09:21:27,,5229784,,0,08/18/2014 04:38:37,Completed,tigerprop,5BHK,0,Worli,"Dr. E. Moses Road Near Nehru Science Centre, Worli, Mumbai",18.99376106,sale,72.82124329,,0,Zahra
11/30/2016 18:30:00,Mumbai,Apartment,03/22/2016 09:21:27,,5323727,,0,11/07/2015 04:58:13,Under Construction,tigerprop,3BHK,1453,Chembur,"Dattaguru Society, Govandi, Chembur, Mumbai",19.04903603,sale,72.92003632,,69999728.0,Serenity
11/30/2016 18:30:00,Mumbai,Apartment,03/22/2016 09:21:27,,5017159,,0,11/13/2013 18:07:44,Under Construction,tigerprop,3BHK,1422,Chembur,"Dattaguru Society, Govandi, Chembur, Mumbai",19.04903603,sale,72.92003632,,0,Serenity
11/30/2016 18:30:00,Mumbai,Apartment,03/22/2016 09:21:27,,5060757,,0,11/13/2013 18:07:44,Under Construction,tigerprop,4BHK,2006,Chembur,"Dattaguru Society, Govandi, Chembur, Mumbai",19.04903603,sale,72.92003632,,0,Serenity
11/30/2016 18:30:00,Mumbai,Apartment,03/22/2016 09:21:27,,5060758,,0,11/13/2013 18:07:44,Under Construction,tigerprop,4BHK,1999,Chembur,"Dattaguru Society, Govandi, Chembur, Mumbai",19.04903603,sale,72.92003632,,0,Serenity
11/30/2016 18:30:00,Mumbai,Apartment,03/22/2016 09:21:27,,5017160,,0,11/13/2013 18:07:44,Under Construction,tigerprop,4BHK,1926,Chembur,"Dattaguru Society, Govandi, Chembur, Mumbai",19.04903603,sale,72.92003632,,0,Serenity
11/30/2012 18:30:00,Mumbai,Apartment,03/22/2016 09:21:27,,5239843,,3770,10/10/2014 11:45:52,Completed,tigerprop,4BHK,0,Bandra West,"Pali Hill, Bandra West, Mumbai",19.06944084,sale,72.82967377,,0,Dunhill
11/30/2012 18:30:00,Mumbai,Apartment,03/22/2016 09:21:27,,5235127,,3800,09/16/2014 07:02:43,Completed,tigerprop,4BHK,0,Bandra West,"Pali Hill, Bandra West, Mumbai",19.06944084,sale,72.82967377,,0,Dunhill
04/30/2014 18:30:00,Mumbai,Apartment,04/07/2016 23:24:08,,5009451,,1140,11/13/2013 18:07:44,Completed,tigerprop,2BHK,0,Kandivali West,"Mahavir Nagar, Kandivali (W), Mumbai",19.2074585,sale,72.83883667,,16499220.0,Madhupuri
04/30/2014 18:30:00,Mumbai,Apartment,04/07/2016 23:25:46,,5009452,,1380,11/13/2013 18:07:44,Completed,tigerprop,2BHK,0,Kandivali West,"Mahavir Nagar, Kandivali (W), Mumbai",19.2074585,sale,72.83883667,,0,Madhupuri
02/28/2014 18:30:00,Mumbai,Apartment,03/22/2016 09:21:27,,5066038,,0,11/13/2013 18:07:44,Completed,tigerprop,3BHK,0,Khar,"10th Road, Khar, Mumbai.",19.0689888,sale,72.83633423,,0,Park Vista
01/31/2016 18:30:00,Mumbai,Apartment,03/22/2016 09:21:27,,5069374,,481,11/13/2013 18:07:44,Completed,tigerprop,1BHK,432,Thane West,"Near Majiwade Junction, Eastern Express Highway, Thane West, Mumbai",19.21256447,sale,72.9888916,,0,Urbania Atelier
01/31/2016 18:30:00,Mumbai,Apartment,03/22/2016 09:21:27,,5087032,,831,11/13/2013 18:07:44,Completed,tigerprop,2BHK,558,Thane West,"Near Majiwade Junction, Eastern Express Highway, Thane West, Mumbai",19.21256447,sale,72.9888916,,11399658.0,Urbania Atelier
05/31/2014 18:30:00,Mumbai,Apartment,03/22/2016 09:21:27,,5061498,,715,11/13/2013 18:07:44,Completed,tigerprop,1BHK,0,Lower Parel,"Veer Santaji Lane, Off Ganpat Rao Kadam  Marg, Opp Peninsula Corporate Park,  Lower Parel, Mumbai 13",18.99793625,sale,72.82556152,,0,Elegance
05/31/2014 18:30:00,Mumbai,Apartment,03/22/2016 09:21:27,,5061499,,754,11/13/2013 18:07:44,Completed,tigerprop,1BHK,0,Lower Parel,"Veer Santaji Lane, Off Ganpat Rao Kadam  Marg, Opp Peninsula Corporate Park,  Lower Parel, Mumbai 13",18.99793625,sale,72.82556152,,0,Elegance
05/31/2014 18:30:00,Mumbai,Apartment,03/22/2016 09:21:27,,5061498,,715,11/13/2013 18:07:44,Completed,tigerprop,1BHK,0,Lower Parel,"Veer Santaji Lane, Off Ganpat Rao Kadam  Marg, Opp Peninsula Corporate Park,  Lower Parel, Mumbai 13",18.99793625,sale,72.82556152,,0,Elegance
05/31/2014 18:30:00,Mumbai,Apartment,03/22/2016 09:21:27,,5061499,,754,11/13/2013 18:07:44,Completed,tigerprop,1BHK,0,Lower Parel,"Veer Santaji Lane, Off Ganpat Rao Kadam  Marg, Opp Peninsula Corporate Park,  Lower Parel, Mumbai 13",18.99793625,sale,72.82556152,,0,Elegance
09/30/2013 18:30:00,Mumbai,Apartment,03/22/2016 09:21:27,,5072762,,1250,11/13/2013 18:07:44,Completed,tigerprop,2BHK,0,Kharghar,"Kopra, Sector 10, Kharghar, Navi Mumbai",19.03358841,sale,73.07382202,,9750000.0,Dhruv Heights
09/30/2013 18:30:00,Mumbai,Apartment,03/22/2016 09:21:27,,5072763,,1625,11/13/2013 18:07:44,Completed,tigerprop,3BHK,0,Kharghar,"Kopra, Sector 10, Kharghar, Navi Mumbai",19.03358841,sale,73.07382202,,0,Dhruv Heights
06/30/2015 18:30:00,Mumbai,Apartment,03/22/2016 09:21:27,,5093130,,1250,11/13/2013 18:07:44,Completed,tigerprop,2BHK,0,Mazagaon,,18.96497536,sale,72.83667755,,42500000.0,Wallace Fortuna
06/30/2015 18:30:00,Mumbai,Apartment,03/22/2016 09:21:27,,5093131,,1800,11/13/2013 18:07:44,Completed,tigerprop,3BHK,0,Mazagaon,,18.96497536,sale,72.83667755,,0,Wallace Fortuna
06/30/2015 18:30:00,Mumbai,Apartment,03/22/2016 09:21:27,,5093132,,4750,11/13/2013 18:07:44,Completed,tigerprop,4BHK,0,Mazagaon,,18.96497536,sale,72.83667755,,0,Wallace Fortuna
01/31/2014 18:30:00,Mumbai,Apartment,03/22/2016 09:21:27,,5228063,,1160,08/07/2014 08:13:32,Completed,tigerprop,2BHK,0,Koperkhairane,"Plot No. 76 & 77, Sector-5, Opposite Railway Station, Kopar Khairane, Navi Mumbai",19.10454559,sale,73.00931549,,0,Tower
03/31/2012 18:30:00,Mumbai,Apartment,03/22/2016 09:21:27,,5227956,,1177,08/07/2014 05:03:43,Completed,tigerprop,2BHK,735,Bandra East,"Bandra East, Mumbai",19.05828094,sale,72.84616089,,0,Sarvodaya Apartment
11/30/2015 18:30:00,Mumbai,Apartment,06/07/2016 01:08:02,,5051701,,1309,11/13/2013 18:07:44,Completed,tigerprop,2BHK,0,Parel,"Parel, Mumbai",19.00218391,sale,72.84886169,,0,Veda Exclusive
11/30/2015 18:30:00,Mumbai,Apartment,06/07/2016 01:08:02,,5226792,,1332,08/01/2014 10:52:44,Completed,tigerprop,2BHK,0,Parel,"Parel, Mumbai",19.00218391,sale,72.84886169,,0,Veda Exclusive
11/30/2015 18:30:00,Mumbai,Apartment,06/07/2016 01:08:02,,5226793,,1553,08/01/2014 10:52:44,Completed,tigerprop,2BHK,0,Parel,"Parel, Mumbai",19.00218391,sale,72.84886169,,0,Veda Exclusive
11/30/2015 18:30:00,Mumbai,Apartment,06/07/2016 01:08:02,,5070100,,1568,11/13/2013 18:07:44,Completed,tigerprop,3BHK,0,Parel,"Parel, Mumbai",19.00218391,sale,72.84886169,,0,Veda Exclusive
11/30/2015 18:30:00,Mumbai,Apartment,06/07/2016 01:08:02,,5051702,,1588,11/13/2013 18:07:44,Completed,tigerprop,3BHK,0,Parel,"Parel, Mumbai",19.00218391,sale,72.84886169,,0,Veda Exclusive
11/30/2015 18:30:00,Mumbai,Apartment,06/07/2016 01:08:02,,5226790,,1851,08/01/2014 10:52:44,Completed,tigerprop,3BHK,0,Parel,"Parel, Mumbai",19.00218391,sale,72.84886169,,0,Veda Exclusive
11/30/2015 18:30:00,Mumbai,Apartment,06/07/2016 01:08:02,,5226791,,1955,08/01/2014 10:52:44,Completed,tigerprop,3BHK,0,Parel,"Parel, Mumbai",19.00218391,sale,72.84886169,,0,Veda Exclusive
08/30/2011 18:30:00,Mumbai,Apartment,03/22/2016 09:21:27,,5072807,,0,11/13/2013 18:07:44,Completed,tigerprop,2BHK,0,Powai,"Powai, Mumbai",19.11494255,sale,72.89885712,,0,Sapphire
08/30/2011 18:30:00,Mumbai,Apartment,03/22/2016 09:21:27,,5072808,,0,11/13/2013 18:07:44,Completed,tigerprop,3BHK,0,Powai,"Powai, Mumbai",19.11494255,sale,72.89885712,,0,Sapphire
11/30/2013 18:30:00,Mumbai,Apartment,05/26/2016 02:00:34,,5063209,,970,11/13/2013 18:07:44,Completed,tigerprop,2BHK,0,Powai,"Powai, Mumbai",19.11508369,sale,72.8996582,,0,Lake Primrose
11/30/2013 18:30:00,Mumbai,Apartment,05/26/2016 02:00:35,,5063210,,1100,11/13/2013 18:07:44,Completed,tigerprop,2BHK,0,Powai,"Powai, Mumbai",19.11508369,sale,72.8996582,,0,Lake Primrose
11/30/2013 18:30:00,Mumbai,Apartment,05/26/2016 02:00:35,,5063211,,1250,11/13/2013 18:07:44,Completed,tigerprop,3BHK,0,Powai,"Powai, Mumbai",19.11508369,sale,72.8996582,,0,Lake Primrose
04/30/2015 18:30:00,Mumbai,Apartment,03/22/2016 09:21:27,,5190777,,1690,03/01/2014 05:40:53,Completed,tigerprop,3BHK,0,Goregaon East,"Off Western Express Highway, Goregoan East, Mumbai",19.17149162,sale,72.86368561,,29575000.0,Exquisite
04/30/2015 18:30:00,Mumbai,Apartment,03/22/2016 09:21:27,,5000304,,1820,11/13/2013 18:07:44,Completed,tigerprop,3BHK,0,Goregaon East,"Off Western Express Highway, Goregoan East, Mumbai",19.17149162,sale,72.86368561,,31850000.0,Exquisite
01/30/2013 18:30:00,Mumbai,Apartment,03/23/2016 02:13:09,,5000125,,585,11/13/2013 18:07:44,Completed,tigerprop,1BHK,0,Dombivali,"Palava, Mumbai",19.16731834,sale,73.07440186,,3699540.0,Casa Bella Gold
01/30/2013 18:30:00,Mumbai,Apartment,03/23/2016 02:13:09,,5000126,,0,11/13/2013 18:07:44,Completed,tigerprop,2BHK,0,Dombivali,"Palava, Mumbai",19.16731834,sale,73.07440186,,0,Casa Bella Gold
01/30/2013 18:30:00,Mumbai,Apartment,03/28/2016 03:41:00,,5002308,,1098,11/13/2013 18:07:44,Completed,tigerprop,3BHK,0,Dombivali,"Palava, Mumbai",19.16731834,sale,73.07440186,,8219628.0,Casa Bella Gold
01/30/2013 18:30:00,Mumbai,Apartment,03/23/2016 02:13:09,,5276030,,1720,04/21/2015 05:00:11,Completed,tigerprop,3BHK,0,Dombivali,"Palava, Mumbai",19.16731834,sale,73.07440186,,0,Casa Bella Gold
11/30/2011 18:30:00,Mumbai,Apartment,03/22/2016 09:21:27,,5199721,,0,04/09/2014 05:06:01,Completed,tigerprop,4BHK,0,Nerul,"Nerul ,Mumbai.",19.04347992,sale,73.00949097,,0,Acropolis
05/31/2015 18:30:00,Mumbai,Apartment,03/22/2016 09:21:27,,5071384,,5600,11/13/2013 18:07:44,Completed,tigerprop,4BHK,0,Prabhadevi,"Opp. Tata Motors, Near ANZ Bank, Prabhadevi, Mumbai",19.01203918,sale,72.82572937,,269998400.0,Tower
05/31/2015 18:30:00,Mumbai,Apartment,03/22/2016 09:21:27,,5530809,,5800,02/20/2016 11:48:46,Completed,tigerprop,4BHK,0,Prabhadevi,"Opp. Tata Motors, Near ANZ Bank, Prabhadevi, Mumbai",19.01203918,sale,72.82572937,,232000000.0,Tower
05/31/2015 18:30:00,Mumbai,Apartment,03/22/2016 09:21:27,,5004468,,6000,11/13/2013 18:07:44,Completed,tigerprop,4BHK,0,Prabhadevi,"Opp. Tata Motors, Near ANZ Bank, Prabhadevi, Mumbai",19.01203918,sale,72.82572937,,0,Tower
05/31/2015 18:30:00,Mumbai,Apartment,03/22/2016 09:21:27,,5530810,,6400,02/20/2016 12:00:07,Completed,tigerprop,4BHK,0,Prabhadevi,"Opp. Tata Motors, Near ANZ Bank, Prabhadevi, Mumbai",19.01203918,sale,72.82572937,,0,Tower
05/31/2015 18:30:00,Mumbai,Apartment,03/22/2016 09:21:27,,5531370,,11250,02/23/2016 09:30:22,Completed,tigerprop,6BHK,0,Prabhadevi,"Opp. Tata Motors, Near ANZ Bank, Prabhadevi, Mumbai",19.01203918,sale,72.82572937,,675000000.0,Tower
05/31/2015 18:30:00,Mumbai,Apartment,03/22/2016 09:21:27,,5530812,,11825,02/20/2016 12:07:33,Completed,tigerprop,6BHK,0,Prabhadevi,"Opp. Tata Motors, Near ANZ Bank, Prabhadevi, Mumbai",19.01203918,sale,72.82572937,,709500000.0,Tower
05/31/2015 18:30:00,Mumbai,Apartment,03/22/2016 09:21:27,,5254690,,12300,12/31/2014 10:10:54,Completed,tigerprop,6BHK,0,Prabhadevi,"Opp. Tata Motors, Near ANZ Bank, Prabhadevi, Mumbai",19.01203918,sale,72.82572937,,0,Tower
02/28/2011 18:30:00,Mumbai,Apartment,03/22/2016 09:21:27,,5183950,,1200,01/30/2014 07:57:52,Completed,tigerprop,2BHK,0,Lower Parel,"Pandurang Budhkar Marg, Lower Parel, Mumbai",19.00606728,sale,72.82889557,,0,Heights
02/28/2011 18:30:00,Mumbai,Apartment,03/22/2016 09:21:27,,5183951,,2280,01/30/2014 07:57:52,Completed,tigerprop,3BHK,0,Lower Parel,"Pandurang Budhkar Marg, Lower Parel, Mumbai",19.00606728,sale,72.82889557,,0,Heights
11/30/2009 18:30:00,Mumbai,Apartment,03/22/2016 09:21:27,,5009716,,1090,11/13/2013 18:07:44,Completed,tigerprop,2BHK,0,Parel,"Parel, Mumbai.",18.99686813,sale,72.83810425,,0,Ashok Towers
11/30/2009 18:30:00,Mumbai,Apartment,03/22/2016 09:21:27,,5009717,,1125,11/13/2013 18:07:44,Completed,tigerprop,2BHK,0,Parel,"Parel, Mumbai.",18.99686813,sale,72.83810425,,0,Ashok Towers
11/30/2009 18:30:00,Mumbai,Apartment,03/22/2016 09:21:27,,5056564,,1400,11/13/2013 18:07:44,Completed,tigerprop,2BHK,0,Parel,"Parel, Mumbai.",18.99686813,sale,72.83810425,,0,Ashok Towers
11/30/2009 18:30:00,Mumbai,Apartment,03/22/2016 09:21:27,,5056565,,1915,11/13/2013 18:07:44,Completed,tigerprop,3BHK,0,Parel,"Parel, Mumbai.",18.99686813,sale,72.83810425,,80998755.0,Ashok Towers
11/30/2009 18:30:00,Mumbai,Apartment,03/22/2016 09:21:27,,5056566,,2285,11/13/2013 18:07:44,Completed,tigerprop,3BHK,0,Parel,"Parel, Mumbai.",18.99686813,sale,72.83810425,,109999900.0,Ashok Towers
11/30/2009 18:30:00,Mumbai,Apartment,03/22/2016 09:21:27,,5056567,,2265,11/13/2013 18:07:44,Completed,tigerprop,4BHK,0,Parel,"Parel, Mumbai.",18.99686813,sale,72.83810425,,109999725.0,Ashok Towers
11/30/2009 18:30:00,Mumbai,Apartment,03/22/2016 09:21:27,,5056568,,2395,11/13/2013 18:07:44,Completed,tigerprop,4BHK,0,Parel,"Parel, Mumbai.",18.99686813,sale,72.83810425,,0,Ashok Towers
11/30/2009 18:30:00,Mumbai,Apartment,03/22/2016 09:21:27,,5056570,,3730,11/13/2013 18:07:44,Completed,tigerprop,5BHK,0,Parel,"Parel, Mumbai.",18.99686813,sale,72.83810425,,0,Ashok Towers
11/30/2009 18:30:00,Mumbai,Apartment,03/22/2016 09:21:27,,5056569,,3865,11/13/2013 18:07:44,Completed,tigerprop,5BHK,0,Parel,"Parel, Mumbai.",18.99686813,sale,72.83810425,,0,Ashok Towers
07/31/2012 18:30:00,Mumbai,Apartment,03/22/2016 09:21:27,,5002325,,1106,11/13/2013 18:07:44,Completed,tigerprop,2BHK,0,Kalyan West,"Kalyan, Mumbai",19.26363373,sale,73.1434021,,0,Riverside
07/31/2012 18:30:00,Mumbai,Apartment,03/22/2016 09:21:27,,5053073,,1154,11/13/2013 18:07:44,Completed,tigerprop,2BHK,0,Kalyan West,"Kalyan, Mumbai",19.26363373,sale,73.1434021,,7599090.0,Riverside
07/31/2012 18:30:00,Mumbai,Apartment,03/22/2016 09:21:27,,5034054,,2200,11/13/2013 18:07:44,Completed,tigerprop,4BHK,0,Kalyan West,"Kalyan, Mumbai",19.26363373,sale,73.1434021,,0,Riverside
07/31/2012 18:30:00,Mumbai,Apartment,03/22/2016 09:21:27,,5002325,,1106,11/13/2013 18:07:44,Completed,tigerprop,2BHK,0,Kalyan West,"Kalyan, Mumbai",19.26363373,sale,73.1434021,,0,Riverside
07/31/2012 18:30:00,Mumbai,Apartment,03/22/2016 09:21:27,,5053073,,1154,11/13/2013 18:07:44,Completed,tigerprop,2BHK,0,Kalyan West,"Kalyan, Mumbai",19.26363373,sale,73.1434021,,7599090.0,Riverside
07/31/2012 18:30:00,Mumbai,Apartment,03/22/2016 09:21:27,,5034054,,2200,11/13/2013 18:07:44,Completed,tigerprop,4BHK,0,Kalyan West,"Kalyan, Mumbai",19.26363373,sale,73.1434021,,0,Riverside
11/30/2014 18:30:00,Mumbai,Apartment,03/22/2016 09:21:27,,5000603,,1475,11/13/2013 18:07:44,Completed,tigerprop,2BHK,0,Ghatkopar West,"L.B.S Marg, Opp R City Mall, Ghatkopar West, Mumbai",19.09735107,sale,72.91910553,,0,The Address
11/30/2014 18:30:00,Mumbai,Apartment,03/22/2016 09:21:27,,5322365,,1720,11/03/2015 11:45:08,Completed,tigerprop,2BHK,1046,Ghatkopar West,"L.B.S Marg, Opp R City Mall, Ghatkopar West, Mumbai",19.09735107,sale,72.91910553,,0,The Address
11/30/2014 18:30:00,Mumbai,Apartment,03/22/2016 09:21:27,,5000604,,1640,11/13/2013 18:07:44,Completed,tigerprop,3BHK,0,Ghatkopar West,"L.B.S Marg, Opp R City Mall, Ghatkopar West, Mumbai",19.09735107,sale,72.91910553,,0,The Address
11/30/2014 18:30:00,Mumbai,Apartment,03/22/2016 09:21:27,,5322366,,1820,11/03/2015 11:45:08,Completed,tigerprop,3BHK,1170,Ghatkopar West,"L.B.S Marg, Opp R City Mall, Ghatkopar West, Mumbai",19.09735107,sale,72.91910553,,0,The Address
11/30/2014 18:30:00,Mumbai,Apartment,03/22/2016 09:21:27,,5000605,,1850,11/13/2013 18:07:44,Completed,tigerprop,3BHK,0,Ghatkopar West,"L.B.S Marg, Opp R City Mall, Ghatkopar West, Mumbai",19.09735107,sale,72.91910553,,0,The Address
11/30/2014 18:30:00,Mumbai,Apartment,03/22/2016 09:21:27,,5322367,,2000,11/03/2015 11:45:08,Completed,tigerprop,3BHK,1276,Ghatkopar West,"L.B.S Marg, Opp R City Mall, Ghatkopar West, Mumbai",19.09735107,sale,72.91910553,,0,The Address
11/30/2014 18:30:00,Mumbai,Apartment,03/22/2016 09:21:27,,5322368,,2100,11/03/2015 11:45:08,Completed,tigerprop,3BHK,1306,Ghatkopar West,"L.B.S Marg, Opp R City Mall, Ghatkopar West, Mumbai",19.09735107,sale,72.91910553,,0,The Address
11/30/2014 18:30:00,Mumbai,Apartment,03/22/2016 09:21:27,,5322369,,2500,11/03/2015 11:45:08,Completed,tigerprop,3BHK,1507,Ghatkopar West,"L.B.S Marg, Opp R City Mall, Ghatkopar West, Mumbai",19.09735107,sale,72.91910553,,0,The Address
11/30/2014 18:30:00,Mumbai,Apartment,03/22/2016 09:21:27,,5000606,,2660,11/13/2013 18:07:44,Completed,tigerprop,3BHK,0,Ghatkopar West,"L.B.S Marg, Opp R City Mall, Ghatkopar West, Mumbai",19.09735107,sale,72.91910553,,49997360.0,The Address
11/30/2014 18:30:00,Mumbai,Apartment,03/22/2016 09:21:27,,5322370,,2800,11/03/2015 11:45:08,Completed,tigerprop,4BHK,1773,Ghatkopar West,"L.B.S Marg, Opp R City Mall, Ghatkopar West, Mumbai",19.09735107,sale,72.91910553,,0,The Address
11/30/2014 18:30:00,Mumbai,Apartment,03/22/2016 09:21:27,,5000607,,3100,11/13/2013 18:07:44,Completed,tigerprop,4BHK,0,Ghatkopar West,"L.B.S Marg, Opp R City Mall, Ghatkopar West, Mumbai",19.09735107,sale,72.91910553,,59997400.0,The Address
12/30/2007 18:30:00,Mumbai,Apartment,03/22/2016 09:21:27,,5018566,,0,11/13/2013 18:07:44,Completed,tigerprop,2BHK,0,Chembur,"Chembur, Mumbai",19.04619789,sale,72.90081024,,0,Divya Swapna
12/30/2007 18:30:00,Mumbai,Apartment,03/22/2016 09:21:27,,5018567,,1650,11/13/2013 18:07:44,Completed,tigerprop,3BHK,0,Chembur,"Chembur, Mumbai",19.04619789,sale,72.90081024,,0,Divya Swapna
08/31/2012 18:30:00,Mumbai,Apartment,03/22/2016 09:21:27,,5225772,,0,07/25/2014 04:16:39,Completed,tigerprop,1BHK,0,Mira Road East,"Simplex Mills Compound, Opposite Thakur Mall, Western Express Highway, Near Dahisar Check Naka, Mira Road East, Mumbai",19.26468658,sale,72.87446594,,0,Casa Essenza
08/31/2012 18:30:00,Mumbai,Apartment,03/22/2016 09:21:27,,5225773,,0,07/25/2014 04:16:39,Completed,tigerprop,2BHK,0,Mira Road East,"Simplex Mills Compound, Opposite Thakur Mall, Western Express Highway, Near Dahisar Check Naka, Mira Road East, Mumbai",19.26468658,sale,72.87446594,,0,Casa Essenza
05/30/2013 18:30:00,Mumbai,Apartment,03/22/2016 09:21:27,,5073724,,1150,11/13/2013 18:07:44,Completed,tigerprop,2BHK,0,Koperkhairane,"Sector - 14, Plot No. - 63, Koperkhairane,Mumbai",19.09640121,sale,73.00199127,,0,Orchid Residency
06/30/2010 18:30:00,Mumbai,Apartment,03/22/2016 09:21:27,,5019273,,1044,11/13/2013 18:07:44,Completed,tigerprop,2BHK,0,Thane West,"Smt. Gladys Alvares Marg, Off Pokhran Road No. 2, Thane (W), Mumbai",19.23091888,sale,72.97078705,,0,Edenwoods
06/30/2010 18:30:00,Mumbai,Apartment,03/22/2016 09:21:27,,5019274,,1820,11/13/2013 18:07:44,Completed,tigerprop,3BHK,0,Thane West,"Smt. Gladys Alvares Marg, Off Pokhran Road No. 2, Thane (W), Mumbai",19.23091888,sale,72.97078705,,0,Edenwoods
11/30/2013 18:30:00,Mumbai,Apartment,03/22/2016 09:21:27,,5058055,,934,11/13/2013 18:07:44,Completed,tigerprop,2BHK,0,Mulund West,"Mulund, Mumbai",19.17234421,sale,72.94488525,,0,Monte Vista
11/30/2013 18:30:00,Mumbai,Apartment,03/22/2016 09:21:27,,5018989,,963,11/13/2013 18:07:44,Completed,tigerprop,2BHK,0,Mulund West,"Mulund, Mumbai",19.17234421,sale,72.94488525,,17499636.0,Monte Vista
09/30/2016 18:30:00,Mumbai,Apartment,03/22/2016 09:21:27,,5223766,,0,07/18/2014 10:09:52,Under Construction,tigerprop,3BHK,1179,Chembur,"Plot no. 53/54, 17th Road, Near Chembur Fine Arts, Chembur(E), Mumbai",19.05968857,sale,72.89766693,,0,Antariksh
09/30/2016 18:30:00,Mumbai,Apartment,03/22/2016 09:21:27,,5078461,,0,11/13/2013 18:07:44,Under Construction,tigerprop,3BHK,1067,Chembur,"Plot no. 53/54, 17th Road, Near Chembur Fine Arts, Chembur(E), Mumbai",19.05968857,sale,72.89766693,,37345000.0,Antariksh
08/31/2013 18:30:00,Mumbai,Apartment,03/22/2016 09:21:27,,5023625,,1060,11/13/2013 18:07:44,Completed,tigerprop,2BHK,0,Goregaon West,"Harmony, Link Road, Goregaon West, Mumbai",19.1554718,sale,72.83564758,,0,Harmony
08/31/2013 18:30:00,Mumbai,Apartment,03/22/2016 09:21:27,,5023626,,1080,11/13/2013 18:07:44,Completed,tigerprop,2BHK,0,Goregaon West,"Harmony, Link Road, Goregaon West, Mumbai",19.1554718,sale,72.83564758,,16499160.0,Harmony
07/30/2011 18:30:00,Mumbai,Apartment,03/22/2016 09:21:27,,5073897,,2600,11/13/2013 18:07:44,Completed,tigerprop,4BHK,0,Kandivali East,"Off. Western Express Highway, Kandivali East, Mumbai",19.21582794,sale,72.8640213,,52000000.0,Samarpan Royale
08/31/2003 18:30:00,Mumbai,Apartment,03/22/2016 09:21:27,,5232349,,545,08/30/2014 10:21:31,Completed,tigerprop,1BHK,0,Wadala,"Anik Development Corporation, Bhakti Park, Anik - Wadala Link Road, Mumbai",19.02865601,sale,72.87955475,,12999885.0,Bhakti Park
08/31/2003 18:30:00,Mumbai,Apartment,03/22/2016 09:21:27,,5232351,,575,08/30/2014 10:21:31,Completed,tigerprop,1BHK,0,Wadala,"Anik Development Corporation, Bhakti Park, Anik - Wadala Link Road, Mumbai",19.02865601,sale,72.87955475,,12999600.0,Bhakti Park
08/31/2003 18:30:00,Mumbai,Apartment,03/22/2016 09:21:27,,5232350,,585,08/30/2014 10:21:31,Completed,tigerprop,1BHK,0,Wadala,"Anik Development Corporation, Bhakti Park, Anik - Wadala Link Road, Mumbai",19.02865601,sale,72.87955475,,12999870.0,Bhakti Park
08/31/2003 18:30:00,Mumbai,Apartment,03/22/2016 09:21:27,,5232348,,770,08/30/2014 10:21:31,Completed,tigerprop,1BHK,0,Wadala,"Anik Development Corporation, Bhakti Park, Anik - Wadala Link Road, Mumbai",19.02865601,sale,72.87955475,,0,Bhakti Park
08/31/2003 18:30:00,Mumbai,Apartment,03/22/2016 09:21:27,,5225714,,955,07/24/2014 11:41:27,Completed,tigerprop,2BHK,0,Wadala,"Anik Development Corporation, Bhakti Park, Anik - Wadala Link Road, Mumbai",19.02865601,sale,72.87955475,,22499800.0,Bhakti Park
07/30/2010 18:30:00,Mumbai,Apartment,03/22/2016 09:21:27,,5071750,,0,11/13/2013 18:07:44,Completed,tigerprop,2BHK,0,Prabhadevi,"Prabhadevi, Mumbai.",19.01465034,sale,72.83250427,,0,Antariksha
07/30/2010 18:30:00,Mumbai,Apartment,03/22/2016 09:21:27,,5071751,,0,11/13/2013 18:07:44,Completed,tigerprop,3BHK,0,Prabhadevi,"Prabhadevi, Mumbai.",19.01465034,sale,72.83250427,,0,Antariksha
06/30/2015 18:30:00,Mumbai,Apartment,04/17/2016 23:25:51,,5281933,,0,05/19/2015 09:34:46,Completed,tigerprop,1BHK,415,Borivali West,"Borivali West, Mumbai",19.22125053,sale,72.85199738,,10790000.0,Pushp Vinod 2
06/30/2015 18:30:00,Mumbai,Apartment,04/17/2016 23:25:52,,5281935,,0,05/19/2015 09:34:46,Completed,tigerprop,1BHK,325,Borivali West,"Borivali West, Mumbai",19.22125053,sale,72.85199738,,0,Pushp Vinod 2
06/30/2015 18:30:00,Mumbai,Apartment,04/17/2016 23:25:52,,5281934,,0,05/19/2015 09:34:46,Completed,tigerprop,2BHK,612,Borivali West,"Borivali West, Mumbai",19.22125053,sale,72.85199738,,15912000.0,Pushp Vinod 2
06/30/2015 18:30:00,Mumbai,Apartment,04/17/2016 23:25:52,,6130579,,0,04/18/2016 04:55:52,Completed,tigerprop,2BHK,656,Borivali West,"Borivali West, Mumbai",19.22125053,sale,72.85199738,,0,Pushp Vinod 2
06/30/2015 18:30:00,Mumbai,Apartment,04/17/2016 23:25:52,,6130578,,0,04/18/2016 04:55:52,Completed,tigerprop,2BHK,500,Borivali West,"Borivali West, Mumbai",19.22125053,sale,72.85199738,,0,Pushp Vinod 2
07/31/2015 18:30:00,Mumbai,Apartment,03/22/2016 09:21:27,,5088030,,0,11/13/2013 18:07:44,Completed,tigerprop,2BHK,763,Chembur,"S.T. Road, Behind Atur Park, Chembur, Mumbai",19.05384254,sale,72.90727234,,0,Chembur Castle
07/31/2015 18:30:00,Mumbai,Apartment,03/22/2016 09:21:27,,5213241,,0,06/02/2014 07:17:37,Completed,tigerprop,2BHK,772,Chembur,"S.T. Road, Behind Atur Park, Chembur, Mumbai",19.05384254,sale,72.90727234,,29400076.0,Chembur Castle
07/31/2015 18:30:00,Mumbai,Apartment,03/22/2016 09:21:27,,5213182,,0,06/02/2014 05:48:12,Completed,tigerprop,3BHK,970,Chembur,"S.T. Road, Behind Atur Park, Chembur, Mumbai",19.05384254,sale,72.90727234,,0,Chembur Castle
07/31/2015 18:30:00,Mumbai,Apartment,03/22/2016 09:21:27,,5213242,,0,06/02/2014 07:17:37,Completed,tigerprop,3BHK,1030,Chembur,"S.T. Road, Behind Atur Park, Chembur, Mumbai",19.05384254,sale,72.90727234,,39199740.0,Chembur Castle
07/31/2016 18:30:00,Mumbai,Apartment,03/22/2016 09:21:27,,5205709,,1100,05/03/2014 07:16:38,Under Construction,tigerprop,2BHK,0,Bandra East,"Bandra East, Mumbai",19.0593338,sale,72.84923553,,27500000.0,51 East
