status,city,property_type,management_by_landlord,data_id,areacode,sqft,listing_date,platform,locality,address,lat,txn_type,lng,building_name,desc
COMPLETED AND OPERATIONAL,Mumbai,OFFICE,YES,921,400013,288000,2016-02-25T10:09:57Z,purpleyo,Lower Parel,"Ganpatrao Kadam Marg, Lower Parel-West, Mumbai",18.997326,SALE,72.824524,Marathon Nextgen Icon,
COMPLETED AND OPERATIONAL,Mumbai,OFFICE,YES,2905,400058,21600,2016-06-02T06:52:59Z,purpleyo,Andheri East,"Marol Cooperative Industrial Estate Road, Sag Baug, Marol, Andheri East, Mumbai",19.110044,LEASE/SALE,72.883415,K Raheja Prime,
COMPLETED AND OPERATIONAL,Mumbai,OFFICE,NO,582,400059,192000,2016-05-19T11:27:30Z,purpleyo,Andheri East,"Andheri East, Mumbai",19.1017,LEASE,72.88192,Corporate Pride,
COMPLETED AND OPERATIONAL,Mumbai,OFFICE,YES,513,400063,165000,2016-05-10T05:38:17Z,purpleyo,Goregaon East,"Goregaon East, Dindoshi, Mumbai",19.173054,LEASE/SALE,72.857124,Synergy Business Park,
COMPLETED AND OPERATIONAL,Mumbai,OFFICE AND RETAIL,YES,3595,400013,8000,2016-07-04T10:55:38Z,purpleyo,Lower Parel,"Sakhubai Mohita Marg, Lower Parel, Mumbai",18.993086,LEASE,72.830605,,
COMPLETED AND OPERATIONAL,Navi Mumbai,OFFICE,NO,3596,400705,211200,2016-07-04T11:32:44Z,purpleyo,Juinagar,"Dr BR Ambedkar Marg, Sector 11, Juinagar West, Navi Mumbai",19.054893,LEASE,73.0161,Ellora Fieasta,
COMPLETED AND OPERATIONAL,Mumbai,OFFICE AND RETAIL,YES,3322,400072,126000,2016-06-02T11:57:25Z,purpleyo,Sakinaka,"Andheri-Kurla Road, Sakinaka, Mumbai",19.101254,LEASE/SALE,72.88514,Dilkap Centre,
COMPLETED AND OPERATIONAL,Navi Mumbai,OFFICE,YES,1134,400708,490500,2016-02-02T10:37:54Z,purpleyo,Airoli,"# I.T.5, MIDC, Airoli Knowledge Park, Airoli, Navi Mumbai",19.174822,LEASE,72.99344,Gigaplex Building 3,
COMPLETED AND OPERATIONAL,Mumbai,OFFICE,YES,514,400088,100000,2016-01-12T11:52:44Z,purpleyo,Govandi,"Sanghavi Corporate Park, Govandi (East), Deonar, Chembur, Mumbai",19.049381,LEASE,72.91671,Satyam Towers,
COMPLETED AND OPERATIONAL,Navi Mumbai,OFFICE AND RETAIL,YES,3160,400705,6500,2016-05-17T11:19:52Z,purpleyo,Vashi,"# 129, Sector-19C, Vashi, Navi Mumbai",19.08112,LEASE,73.00692,Sagar Plaza,
COMPLETED AND OPERATIONAL,Mumbai,OFFICE,YES,949,400013,1525000,2016-03-03T06:29:31Z,purpleyo,Lower Parel,"NM Joshi Marg, Lower Parel, Mumbai",18.994741,LEASE/SALE,72.830734,Marathon Futurex,
COMPLETED AND OPERATIONAL,Navi Mumbai,OFFICE,YES,2397,400706,28500,2016-06-24T11:14:12Z,purpleyo,Nerul,"# D-184, MIDC, Behind London Pilsner, Nerul, Navi Mumbai",19.046305,LEASE,73.026665,Vishwa Park,
UNDER CONSTRUCTION,Mumbai,OFFICE AND RETAIL,YES,849,400069,1000000,2016-06-24T07:19:51Z,purpleyo,Andheri East,"Mahakali Caves Road, Andheri East, Mumbai",19.11514,SALE,72.86179,Kanakia Wallstreet,
UNDER CONSTRUCTION,Navi Mumbai,OFFICE AND RETAIL,NO,2336,410210,105000,2016-06-07T07:58:39Z,purpleyo,Kharghar,"Shilp Chowk, Sector 13, Kharghar, Navi Mumbai",19.046734,LEASE/SALE,73.07008,The Pacific,
COMPLETED AND OPERATIONAL,Mumbai,OFFICE,YES,547,400051,330000,2016-05-11T06:54:31Z,purpleyo,Bandra Kurla Complex,"# C-59, Bandra Kurla Complex, Bandra East, Mumbai",19.068624,LEASE,72.8682,Platina,
UNDER CONSTRUCTION,Mumbai,OFFICE AND RETAIL,YES,2896,400080,152000,2016-06-01T12:05:41Z,purpleyo,Mulund West,"Lal Bahadur Shastri Marg, Mulund West, Mumbai",19.183842,SALE,72.95048,R Square,
COMPLETED AND OPERATIONAL,Navi Mumbai,OFFICE AND RETAIL,NO,2447,400705,7200,2016-05-20T10:21:26Z,purpleyo,Vashi,"# 186, Sector 12, Vashi, Navi Mumbai",19.091406,LEASE,73.00527,Laksh Building,
COMPLETED AND OPERATIONAL,Mumbai,OFFICE AND RETAIL,YES,2464,400059,15000,2016-04-29T13:02:08Z,purpleyo,Andheri East,"Sir Mathuradas Vasanji Road, Mittal Industrial Estate, Marol, Andheri East, Mumbai",19.107162,LEASE,72.882576,Mittal Estate,
COMPLETED AND OPERATIONAL,Mumbai,OFFICE,YES,800,400028,1695000,2016-05-10T05:30:46Z,purpleyo,Dadar West,"# 29, Senapati Bapat Marg, Dadar West, Mumbai",19.024452,LEASE,72.84418,The Ruby Mills,
COMPLETED AND OPERATIONAL,Mumbai,OFFICE,YES,3371,400058,97000,2016-06-13T13:22:20Z,purpleyo,Andheri East,"Gate 3, Near JVLR MIDC, Andheri East,Mumbai",19.1258,LEASE/SALE,72.87403,,
UNDER CONSTRUCTION,Navi Mumbai,OFFICE,NO CAN BE PROVIDED,607,410210,156000,2016-06-07T07:58:06Z,purpleyo,Kharghar,"# 273, Sector 10, Kharghar, Navi Mumbai",19.036243,SALE,73.078995,Zion,
UNDER CONSTRUCTION,Navi Mumbai,OFFICE AND RETAIL,YES,3362,400614,276000,2016-06-10T11:38:44Z,purpleyo,CBD Belapur,"Gopinath Panda Patil Marg, CBD Belapur, Navi Mumbai",19.007286,LEASE/SALE,73.03263,Mayuresh Planet,
COMPLETED AND OPERATIONAL,Mumbai,OFFICE,YES,3095,400058,151662,2016-05-17T12:29:45Z,purpleyo,Andheri East,"# 74, Cross Road C, Marol, MIDC Industry Estate, Andheri East, Mumbai",19.12189,LEASE,72.87266,Deegee IT Park,
COMPLETED AND OPERATIONAL,Mumbai,OFFICE,YES,570,400013,374500,2016-06-02T11:58:07Z,purpleyo,Lower Parel,"Tulsi Pipe Road, Lower Parel, Mumbai",19.010435,LEASE/SALE,72.83636,Naman Midtown,
UNDER CONSTRUCTION,Navi Mumbai,OFFICE AND RETAIL,YES,718,400705,122000,2016-03-18T20:06:18Z,purpleyo,Vashi,"# 7, Arenja Corner, Palm Beach Road, Sector 17, Vashi, Navi Mumbai",19.073486,SALE,73.00206,Shah Signature,
COMPLETED AND OPERATIONAL,Mumbai,OFFICE AND RETAIL,YES,1010,400051,1000000,2016-05-18T09:35:50Z,purpleyo,Bandra Kurla Complex,"G Block, Bandra Kurla Complex, Mumbai",19.061195,LEASE/SALE,72.86793,Parinee Crescenzo,
COMPLETED AND OPERATIONAL,Mumbai,OFFICE AND RETAIL,NO,3103,400059,52266,2016-06-27T07:56:38Z,purpleyo,Andheri East,"Marol Maroshi Road, Vijay Nagar, MIDC, Marol, Andheri East, Mumbai",19.12276,LEASE,72.8797,Imperium,
COMPLETED AND OPERATIONAL,Mumbai,OFFICE,YES,870,400051,656686,2016-05-11T06:57:09Z,purpleyo,Bandra Kurla Complex,"# C-54 & 55, G Block, Bandra Kurla Complex Road, Mumbai",19.069412,SALE,72.8696,First International Financial Center,
COMPLETED AND OPERATIONAL,Navi Mumbai,OFFICE,NO,2333,400614,140000,2016-04-13T09:45:12Z,purpleyo,CBD Belapur,"Sector 15, CBD Belapur, Navi Mumbai",19.009077,LEASE,73.035866,NMS Titanium,
COMPLETED AND OPERATIONAL,Mumbai,OFFICE,YES,3084,400071,60000,2016-06-29T11:34:23Z,purpleyo,Chembur,"VN Purav Marg, Swastik Park, Chembur, Mumbai",19.054443,LEASE,72.88716,Corporate Park,
COMPLETED AND OPERATIONAL,Mumbai,OFFICE,YES,304,400058,442157,2016-06-03T06:17:52Z,purpleyo,Andheri East,"HDIL Building, Sahar Road, Andheri East, Mumbai",19.113638,LEASE/SALE,72.84684,Kaledonia,
COMPLETED AND OPERATIONAL,Mumbai,OFFICE,YES,3122,400053,28000,2016-05-13T13:16:36Z,purpleyo,Andheri West,"# B-53, New Link Road, Andheri West, Mumbai",19.138403,LEASE,72.833496,Indus House,
COMPLETED AND OPERATIONAL,Mumbai,OFFICE,YES,3096,400058,5200,2016-06-27T07:55:32Z,purpleyo,Andheri East,"# 18, Road Number 9, MIDC Industry Estate, Andheri East, Mumbai",19.120287,LEASE,72.86934,Hara Street,
COMPLETED AND OPERATIONAL,Mumbai,OFFICE,YES,2388,400072,267909,2016-05-23T10:34:33Z,purpleyo,Powai,"Shaki Vihar Complex Road, Chandivali, Powai, Mumbai",19.11456,LEASE,72.88939,Light Hall - Wing B,
COMPLETED AND OPERATIONAL,Navi Mumbai,OFFICE AND RETAIL,YES,725,400036,572000,2016-05-10T06:10:40Z,purpleyo,Turbhe,"Thane-Belapur Road, Turbhe MIDC, Turbhe, Navi Mumbai",19.07512,LEASE,73.019646,Arihant Aura - Block C,
COMPLETED AND OPERATIONAL,Mumbai,OFFICE,YES,525,400057,57640,2016-02-01T10:37:27Z,purpleyo,Bandra Kurla Complex,"# C-22, Bandra Kurla Complex, Bandra East, Mumbai",19.054735,LEASE,72.85287,Sunteck Certainty,
COMPLETED AND OPERATIONAL,Navi Mumbai,OFFICE AND RETAIL,YES,724,400036,210870,2016-05-10T06:10:02Z,purpleyo,Turbhe,"Thane-Belapur Road, Turbhe MIDC, Turbhe, Navi Mumbai",19.075628,LEASE/SALE,73.01983,Arihant Aura - Block B,
COMPLETED AND OPERATIONAL,Mumbai,OFFICE,YES,3075,400059,75000,2016-06-24T07:07:48Z,purpleyo,Andheri East,"Andheri Kurla Road, Marol Cooperative Industrial Estate Road, Gamdevi, Marol, Andheri East, Mumbai",19.109463,LEASE/SALE,72.88381,Aarpee Chambers,
COMPLETED AND OPERATIONAL,Navi Mumbai,OFFICE,YES,1132,400708,490500,2016-02-02T10:35:10Z,purpleyo,Airoli,"# I.T.5, MIDC, Airoli Knowledge Park, Airoli, Navi Mumbai",19.174753,LEASE,72.992004,Gigaplex Building 2,
COMPLETED AND OPERATIONAL,Mumbai,OFFICE AND RETAIL,YES,3262,400064,71200,2016-05-25T12:24:33Z,purpleyo,Malad West,"Kach Pada Road, Navy Colony, Malad West, Mumbai",19.18836,SALE,72.83829,Synergy Court,
UNDER CONSTRUCTION,Mumbai,OFFICE AND RETAIL,YES,3073,400076,204000,2016-05-09T07:45:48Z,purpleyo,Powai,"Saki Vihar Road, Powai, Mumbai",19.122803,LEASE,72.891426,ATL Corporate Park,
COMPLETED AND OPERATIONAL,Navi Mumbai,OFFICE,YES,1135,400708,490500,2016-02-02T10:43:09Z,purpleyo,Airoli,"# I.T.5, MIDC, Airoli Knowledge Park, Airoli, Navi Mumbai",19.175034,LEASE,72.99228,Gigaplex Building 4,
COMPLETED AND OPERATIONAL,Mumbai,OFFICE AND RETAIL,YES,2559,400064,124434,2016-03-18T07:37:43Z,purpleyo,Malad West,"Goregaon - Mulund Link Road, Malad West, Mumbai",19.173557,SALE,72.83887,First Avenue,
COMPLETED AND OPERATIONAL,Mumbai,OFFICE,YES,3108,400058,36000,2016-06-29T07:04:45Z,purpleyo,Andheri East,"Road Number 11, Andheri East, Mumbai",19.122034,LEASE/SALE,72.86898,,
COMPLETED AND OPERATIONAL,Mumbai,OFFICE AND RETAIL,YES,3234,400053,130000,2016-05-23T12:27:00Z,purpleyo,Andheri West,"KL Walawalkar Marg, Veera Desai Industrial Estate, Andheri West, Mumbai",19.135506,LEASE,72.83231,Sri Krishna,
COMPLETED AND OPERATIONAL,Mumbai,OFFICE AND RETAIL,YES,2407,400057,25000,2016-06-24T12:38:35Z,purpleyo,Vile Parle East,"Ram Mandir Road, Vile Parle East, Mumbai",19.099129,SALE,72.84559,Narang Continuum,
COMPLETED AND OPERATIONAL,Mumbai,OFFICE AND RETAIL,YES,3117,400047,10500,2016-06-07T07:12:09Z,purpleyo,Vile Parle West,"# 52, Gulmohar Road, Ville Parle West, Mumbai",19.114573,LEASE,72.83658,Gazebo House,
COMPLETED AND OPERATIONAL,Mumbai,OFFICE,NO,2782,400069,36973,2016-05-20T12:05:04Z,purpleyo,Andheri East,"# 6, Chakala Industrial Area (MIDC), Andheri East, Mumbai",19.119894,LEASE/SALE,72.86893,Business Park,
UNDER CONSTRUCTION,Navi Mumbai,OFFICE AND RETAIL,YES,3570,410206,28000,2016-06-29T12:35:37Z,purpleyo,Panvel,"Mahatma Phule Road, Panvel, Navi Mumbai",18.99004,SALE,73.11009,City Centre,
COMPLETED AND OPERATIONAL,Mumbai,OFFICE,YES,2350,400098,13200,2016-06-03T12:15:41Z,purpleyo,Santacruz East,"CST Road, Santacruz East, Mumbai",19.073496,SALE,72.867874,Trustwell Spaces,
COMPLETED AND OPERATIONAL,Mumbai,OFFICE AND RETAIL,YES,581,400059,208000,2016-05-19T11:25:16Z,purpleyo,Andheri East,"Andheri Kurla Road, JB Nagar, Andheri East, Mumbai",19.110752,LEASE,72.8707,Corporate Centre,
COMPLETED AND OPERATIONAL,Mumbai,OFFICE,YES,3259,400071,59400,2016-05-24T13:27:49Z,purpleyo,Chembur,"VN Purav Marg, Chembur, Mumbai",19.053947,LEASE,72.89765,Origin 108,
COMPLETED AND OPERATIONAL,Mumbai,OFFICE,YES,2600,400072,36000,2016-06-20T08:39:10Z,purpleyo,Powai,"Saki Vihar Road, Chandivali, Powai, Mumbai",19.117348,LEASE,72.88959,55 Corporate Avenue,
COMPLETED AND OPERATIONAL,Navi Mumbai,OFFICE,YES,2930,400705,553511,2016-06-08T13:08:04Z,purpleyo,Pawne,"# C-30/31, MIDC Industrial Area, Pawne, Navi Mumbai",19.08939,LEASE,73.026344,Everest Infotech Park II,
UNDER CONSTRUCTION,Mumbai,OFFICE,YES,1542,400063,1300500,2016-06-02T05:45:58Z,purpleyo,Goregaon East,"Nesco IT Park, Western Expressway, Goregaon East, Mumbai",19.152613,LEASE,72.855736,Nesco - IT 4,
COMPLETED AND OPERATIONAL,Mumbai,OFFICE,YES,3079,400059,91500,2016-06-24T07:13:41Z,purpleyo,Andheri East,"# 5, Chunawala Estate, Kondvita Road, Andheri Kurla Road, Andheri East, Mumbai",19.113445,LEASE,72.872215,DC Business Centre,
COMPLETED AND OPERATIONAL,Mumbai,OFFICE,YES,2606,400051,800000,2016-06-23T11:21:02Z,purpleyo,Bandra East,"G Block, BKC Road, Bandra East, Mumbai",19.063456,SALE,72.85767,Inspire,
UNDER CONSTRUCTION,Mumbai,OFFICE AND RETAIL,YES,3144,400071,210000,2016-05-19T09:33:36Z,purpleyo,Chembur,"SG Brave Marg, Chembur, Mumbai",19.05452,SALE,72.88939,Surana Tulsi Chambers,
COMPLETED AND OPERATIONAL,Mumbai,OFFICE,YES,697,400063,90000,2016-06-23T09:35:32Z,purpleyo,Goregaon East,"VIshweshar Nagar, Aarey Road, Goregaon East, Mumbai",19.168581,LEASE,72.8531,Chintamani Classique,
COMPLETED AND OPERATIONAL,Mumbai,OFFICE,YES,3126,400053,73000,2016-06-28T10:57:07Z,purpleyo,Andheri West,"# 678, Veera Desai Industrial Estate, New Link Road, Andheri West, Mumbai",19.135696,SALE,72.8338,Gazdhar Enclave,
COMPLETED AND OPERATIONAL,Mumbai,OFFICE AND RETAIL,NO,2426,400052,36630,2016-06-14T10:37:07Z,purpleyo,Khar West,"13th Road, Khar West, Mumbai",19.07033,LEASE,72.83342,Kirabo,
COMPLETED AND OPERATIONAL,Mumbai,OFFICE,YES,2552,400072,54000,2016-03-18T07:20:54Z,purpleyo,Andheri East,"Mehra Compound Road, Safed Pul, Sakinaka, Andheri East, Mumbai",19.099003,LEASE,72.88624,Trade Square Wing B,
COMPLETED AND OPERATIONAL,Mumbai,OFFICE,YES,1993,400030,265000,2016-06-23T10:23:58Z,purpleyo,Prabhadevi,"# 14, Dr Annie Besant Road, Century Bazaar, Prabhadevi, Mumbai",19.012203,LEASE,72.8234,Birla Aurora,
COMPLETED AND OPERATIONAL,Navi Mumbai,OFFICE,YES,3178,400705,700000,2016-05-26T09:16:14Z,purpleyo,Pawne,"Millenium Business Park, MIDC Industrial Area, Sector 1, Pawne, Navi Mumbai",19.111092,LEASE/SALE,73.01542,Rupa Solitaire,
UNDER CONSTRUCTION,Navi Mumbai,OFFICE AND RETAIL,NO,550,410210,140000,2016-06-20T12:16:06Z,purpleyo,Kharghar,"# 274, Sector 10, Kharghar, Navi Mumbai",19.036821,SALE,73.07799,Niharika Mirage,
COMPLETED AND OPERATIONAL,Mumbai,OFFICE,YES,1808,400098,50000,2016-05-24T13:33:03Z,purpleyo,Kalina,"CST Road, Kalina, Santacruz East, Mumbai",19.072504,LEASE/SALE,72.86697,Manek Plaza,
COMPLETED AND OPERATIONAL,Navi Mumbai,OFFICE AND RETAIL,YES,727,410210,52800,2016-02-11T05:41:49Z,purpleyo,Kharghar,"Sector 2, Kharghar, Navi Mumbai",19.029837,SALE,73.06526,Shah Prima,
COMPLETED AND OPERATIONAL,Mumbai,OFFICE,YES,2995,400078,556889,2016-06-07T07:26:50Z,purpleyo,Bhandup,"LBS Marg, Bhandup, Mumbai",19.138044,LEASE,72.9332,Raj Embassy,
COMPLETED AND OPERATIONAL,Mumbai,OFFICE,YES,3299,400062,136610,2016-05-31T10:58:14Z,purpleyo,Goregaon West,"Ram Mandir Road, Goregaon West, Mumbai",19.149933,LEASE/SALE,72.84855,RNA Corporate Centre,
COMPLETED AND OPERATIONAL,Navi Mumbai,OFFICE AND RETAIL,YES,563,400705,1000450,2016-05-10T06:03:20Z,purpleyo,Vashi,"S Pranavanandji Marg, Sector 30, Vashi, Navi Mumbai",19.064726,LEASE,72.99676,Vishwaroop IT Park,
COMPLETED AND OPERATIONAL,Mumbai,OFFICE AND RETAIL,NO,3119,400058,5300,2016-05-23T07:48:53Z,purpleyo,Andheri West,"SV Road, Andheri West, Mumbai",19.112137,SALE,72.84173,Sai Darshan,
COMPLETED AND OPERATIONAL,Navi Mumbai,OFFICE AND RETAIL,NO,2403,400706,55120,2016-06-08T07:19:44Z,purpleyo,Juinagar,"Jui Nagar East, Soin Panvel Highway, Navi Mumbai",19.052216,LEASE,73.019394,Business Bay,
COMPLETED AND OPERATIONAL,Mumbai,OFFICE,YES,1109,400021,192000,2016-06-03T06:59:06Z,purpleyo,Nariman Point,"Vinay K Shah Marg, Nariman Point, Mumbai",18.925474,LEASE/SALE,72.82218,Maker Chamber lll,
COMPLETED AND OPERATIONAL,Mumbai,OFFICE,YES,1063,400079,1400000,2016-02-22T12:17:23Z,purpleyo,Vikhroli West,"Lal Bahadur Shastri Marg, Godrej & Boyce Industry Estate, Vikhroli West, Mumbai",19.10222,LEASE,72.92244,Godrej IT Park,
COMPLETED AND OPERATIONAL,Mumbai,OFFICE,YES,2525,400098,11200,2016-06-20T10:04:05Z,purpleyo,Santacruz East,"# 167, CST Road, Kalina, Santacruz East, Mumbai",19.07297,LEASE,72.86807,Gujral's,
UNDER CONSTRUCTION,Mumbai,OFFICE AND RETAIL,YES,3213,400058,4290,2016-06-07T07:00:54Z,purpleyo,Andheri East,"Rajmata Jijabai Marg, Sher E Punjab Colony, Andheri East, Mumbai",19.128923,SALE,72.86071,Mogra Vikas,
COMPLETED AND OPERATIONAL,Mumbai,OFFICE AND RETAIL,NO,3143,400051,83750,2016-05-27T09:25:43Z,purpleyo,Bandra East,"Bandra Kurla Complex Road, Kala Nagar, Bandra East, Mumbai",19.07345,SALE,72.870834,Pittie Chamber,
COMPLETED AND OPERATIONAL,Navi Mumbai,OFFICE,YES,2928,400705,98704,2016-06-07T12:21:29Z,purpleyo,Turbhe,"MIDC Main Road, Indira Nagar, Turbhe, Navi Mumbai",19.071444,LEASE,73.0285,Everest Nivara Infotech Park I - Wing A,
COMPLETED AND OPERATIONAL,Mumbai,OFFICE AND RETAIL,YES,2492,400030,27400,2016-06-03T12:36:45Z,purpleyo,Worli ,"Dr Annie Besant Road, Municipal Colony, Worli Shivaji Nagar, Worli, Mumbai",19.012136,LEASE,72.82142,Vaswani Chambers Wing A,
COMPLETED AND OPERATIONAL,Mumbai,OFFICE AND RETAIL,YES,2968,400071,513000,2016-06-07T07:47:19Z,purpleyo,Chembur,"Gautam Nagar, PL Lokhande Marg, Ghatkopar Mankhurd Link Road, Chembur (West), Mumbai",19.061762,LEASE/SALE,72.91288,Universal Majestic,
COMPLETED AND OPERATIONAL,Navi Mumbai,OFFICE AND RETAIL,YES,3172,400036,97800,2016-05-18T11:06:59Z,purpleyo,Turbhe,"# A-601, S Central Road, MIDC Industrial Area, Turbhe, Navi Mumbai",19.07306,LEASE/SALE,73.027306,Deekay Tech Park,
COMPLETED AND OPERATIONAL,Navi Mumbai,OFFICE,YES,2989,400705,304500,2016-06-10T09:35:34Z,purpleyo,Sanpada,"# D-507, Sion - Panvel Highway, MIDC Industrial Area, Sanpada, Navi Mumbai",19.061892,LEASE,73.020256,Shree Sawan Knowledge Park,
COMPLETED AND OPERATIONAL,Mumbai,OFFICE AND RETAIL,NO,3090,400058,24500,2016-06-29T11:35:40Z,purpleyo,Andheri West,"SV Road, Juhu Lane, Yadav Nagar, Andheri West, Mumbai",19.116024,LEASE,72.843346,Stanford,
COMPLETED AND OPERATIONAL,Mumbai,OFFICE,YES,2488,400093,45449,2016-03-16T07:10:43Z,purpleyo,Andheri East,"Chakala, Andheri Ghatkopar Link Road, Andheri East, Mumbai",19.110756,LEASE,72.8591,Corporate Avenue Wing D,
COMPLETED AND OPERATIONAL,Navi Mumbai,OFFICE AND RETAIL,NO,3228,400036,12000,2016-05-23T11:34:25Z,purpleyo,Turbhe,"Bank of India Road, Sion Panvel Highway-4, Sanpada Station, Sector 24, Turbhe, Navi Mumbai",19.067808,SALE,73.01466,,
COMPLETED AND OPERATIONAL,Mumbai,OFFICE,YES,3111,400058,30000,2016-06-30T10:39:02Z,purpleyo,Andheri East,"# 62, Road Number 13, MIDC, Andheri East, Mumbai",19.120983,SALE,72.872505,Novel House,
COMPLETED AND OPERATIONAL,Mumbai,OFFICE AND RETAIL,YES,2390,400072,36000,2016-06-29T11:29:21Z,purpleyo,Andheri East,"Mathuradas Vasanji Road, Saki Vihar Road, Saki Naka, Andheri East, Mumbai",19.106112,LEASE,72.885376,,
COMPLETED AND OPERATIONAL,Mumbai,OFFICE AND RETAIL,YES,463,400080,77000,2016-05-11T12:34:11Z,purpleyo,Mulund West,"Lal Bahadur Shastri Marg, Jagjivan Ram Nagar, Mulund West, Mumbai",19.184093,LEASE/SALE,72.9527,360 Degrees Business Park,
COMPLETED AND OPERATIONAL,Mumbai,OFFICE AND RETAIL,YES,3217,400053,192000,2016-05-20T13:24:03Z,purpleyo,Andheri West,"New Link Road, Sundervan Complex Road, Shastri Nagar, Andheri West, Mumbai",19.13758,LEASE,72.831375,Laxmi Mall,
COMPLETED AND OPERATIONAL,Mumbai,OFFICE,YES,2417,400059,25200,2016-06-29T12:45:53Z,purpleyo,Andheri East,"Cardinal Gracias Road, J.B. Nagar, Tarun Bharat, Andheri East, Mumbai",19.107424,LEASE,72.86387,Silver Astra,
COMPLETED AND OPERATIONAL,Mumbai,OFFICE,YES,1102,400021,110844,2016-03-02T10:03:56Z,purpleyo,Nariman Point,"Jamnalal Bajaj Road, Nariman Point, Mumbai",18.924742,LEASE,72.821625,Atlanta ,
UNDER CONSTRUCTION,Mumbai,OFFICE AND RETAIL,YES,2914,400058,92032,2016-06-01T12:02:11Z,purpleyo,Andheri East,"# B-34, Andheri - Kurla Road, Mota Nagar, Andheri East, Mumbai",19.114447,SALE,72.860756,Rustomjee Commercial Spaces - Wing A,
COMPLETED AND OPERATIONAL,Mumbai,OFFICE AND RETAIL,YES,508,400059,218621,2016-03-11T04:44:12Z,purpleyo,Andheri East,"Andheri-Kurla Road, Andheri East, Mumbai",19.108305,LEASE/SALE,72.88364,Ajmera Times Square Tower B,
COMPLETED AND OPERATIONAL,Mumbai,OFFICE AND RETAIL,NO,3101,400092,38637,2016-06-28T09:38:26Z,purpleyo,Borivali West,"Swamy Vivekananda Road, Mulji Nagar, Borivali West, Mumbai",19.220125,LEASE,72.852325,Agarwal Xis,
COMPLETED AND OPERATIONAL,Mumbai,OFFICE AND RETAIL,NO,3137,400051,13500,2016-05-16T10:33:48Z,purpleyo,Bandra East,"Kherwadi Road, Bandra East, Mumbai",19.060305,SALE,72.8454,Granth,
COMPLETED AND OPERATIONAL,Mumbai,OFFICE AND RETAIL,YES,2400,400070,20000,2016-05-31T07:13:39Z,purpleyo,Kurla West,"# 202/203, Lal Bahadur Shastri Marg, Taximens Colony, Kurla West, Mumbai",19.070126,SALE,72.87553,Narang Trellis,
COMPLETED AND OPERATIONAL,Mumbai,OFFICE,YES,542,400051,317310,2016-03-31T13:02:10Z,purpleyo,Bandra East,"A-Wing, Anant Kanekar Marg, Station Road, Bandra East, Mumbai",19.055117,LEASE/SALE,72.84442,HDIL Towers,
COMPLETED AND OPERATIONAL,Navi Mumbai,OFFICE,YES,709,400705,133885,2016-05-16T08:38:25Z,purpleyo,Vashi,"Sion - Panvel Highway, Sector 18, Vashi, Navi Mumbai",19.0686,LEASE,73.007355,The Corporate Park,
COMPLETED AND OPERATIONAL,Mumbai,OFFICE AND RETAIL,NO,3082,400047,80000,2016-06-07T07:17:16Z,purpleyo,Amboli,"Amboli Naka, Swami Vivekanand Road, Jogeshwari West, Amboli, Mumbai",19.127851,LEASE,72.84693,Suvidha Square,
COMPLETED AND OPERATIONAL,Navi Mumbai,OFFICE AND RETAIL,YES,3118,400703,250500,2016-06-30T07:19:59Z,purpleyo,Vashi,"Sector 30A, Vashi, Navi Mumbai",19.065767,LEASE,72.99961,Haware Infotech Park,
COMPLETED AND OPERATIONAL,Mumbai,OFFICE,YES,3290,400059,41400,2016-05-27T12:26:25Z,purpleyo,Andheri East,"Marol Cooperative Industrial Estate Road, Gamdevi, Marol, Andheri East, Mumbai",19.110012,SALE,72.883675,Phenomenal House,
COMPLETED AND OPERATIONAL,Mumbai,OFFICE,YES,3115,400063,126000,2016-06-28T09:39:26Z,purpleyo,Goregaon East,"Dr Ambedkar Chowk, Hanuman Tekdi, Goregaon East, Mumbai",19.172594,LEASE,72.85764,Garuda House Atlanta Estate,
COMPLETED AND OPERATIONAL,Mumbai,OFFICE,YES,576,400013,600000,2016-03-09T06:59:02Z,purpleyo,Lower Parel,"Senapati Bapat Marg, Lower Parel, Mumbai",18.998928,LEASE/SALE,72.82877,Peninsula Business Park Tower A,
COMPLETED AND OPERATIONAL,Mumbai,OFFICE,YES,782,400005,740520,2016-01-11T06:54:56Z,purpleyo,Cuffe Parade,"Centre 1 Building, Cuffe Parade, Mumbai",18.91544,LEASE,72.817566,World Trade Centre - MVIRDC,
COMPLETED AND OPERATIONAL,Mumbai,OFFICE AND RETAIL,YES,3071,400059,70000,2016-06-24T12:39:29Z,purpleyo,Andheri East,"Andheri Kurla Road, Andheri East, Mumbai",19.107864,LEASE,72.88281,Western House,
COMPLETED AND OPERATIONAL,Navi Mumbai,OFFICE,YES,1133,400708,418000,2016-02-02T10:36:49Z,purpleyo,Airoli,"# I.T.5, MIDC, Airoli Knowledge Park, Airoli, Navi Mumbai",19.173841,LEASE,72.991974,Gigaplex Building 1,
COMPLETED AND OPERATIONAL,Mumbai,OFFICE AND RETAIL,YES,2425,400101,33000,2016-05-31T09:06:35Z,purpleyo,Kandivali East,"Thakur Shyamnarayan Marg, Kanakiya, Thakur Village, Kandivali East, Mumbai",19.20892,LEASE,72.87254,Thakur Mall,
COMPLETED AND OPERATIONAL,Mumbai,OFFICE,YES,2379,400098,82500,2016-05-31T06:34:57Z,purpleyo,Bandra Kurla Complex,"BKC Road, Bandra Kurla Complex, Mumbai",19.072489,SALE,72.87008,Pinnacle Corporate Park Wing - A,
COMPLETED AND OPERATIONAL,Navi Mumbai,OFFICE,YES,3334,400036,185370,2016-06-07T12:35:55Z,purpleyo,Turbhe,"MIDC Main Road, Indira Nagar, Turbhe, Navi Mumbai",19.071297,LEASE,73.02866,Everest Nivara Infotech Park I - Wing B,
COMPLETED AND OPERATIONAL,Mumbai,OFFICE,YES,952,400070,782000,2016-02-25T12:21:31Z,purpleyo,Kurla West,"LBS Marg, Kurla West, Mumbai",19.086037,LEASE/SALE,72.890205,Phoenix Art Guild House,
COMPLETED AND OPERATIONAL,Navi Mumbai,OFFICE,YES,946,400708,960000,2016-01-29T11:27:28Z,purpleyo,Airoli,"Gut 31, Airoli, Thane Belapur Road, MIDC, Navi Mumbai",19.17017,LEASE,73.00157,Reliable Tech Park,
COMPLETED AND OPERATIONAL,Mumbai,OFFICE,YES,2352,400093,128250,2016-04-18T11:42:59Z,purpleyo,Andheri East,"# D-13, Street 21, MIDC, Andheri East, Mumbai",19.119482,LEASE,72.87585,The Great Oasis,
COMPLETED AND OPERATIONAL,Mumbai,OFFICE AND RETAIL,YES,3140,400052,14340,2016-05-16T11:17:02Z,purpleyo,Khar West,"# 1201, Lane Number 13, Khar West, Mumbai",19.071695,LEASE,72.83052,Links,
UNDER CONSTRUCTION,Mumbai,OFFICE AND RETAIL,YES,3153,400078,1040000,2016-06-23T07:45:20Z,purpleyo,Bhandup,"Lal Bahadur Shastri Marg, Ganesh Nagar, Bhandup West, Mumbai",19.141739,SALE,72.93146,Smash Hit,
UNDER CONSTRUCTION,Mumbai,OFFICE AND RETAIL,YES,2788,400030,143443,2016-03-29T09:27:09Z,purpleyo,Worli ,"Pandurang Budhkar Marg, Lower Parel, Worli, Mumbai",19.006847,LEASE,72.82491,Century Esplanade,
COMPLETED AND OPERATIONAL,Mumbai,OFFICE AND RETAIL,NO,2377,400058,40000,2016-06-03T12:17:30Z,purpleyo,Andheri East,"Saki Vihar Road, Ganesh Nagar, Marol, Andheri East, Mumbai",19.112276,LEASE,72.88815,T Square,
COMPLETED AND OPERATIONAL,Mumbai,OFFICE AND RETAIL,YES,3181,400050,18800,2016-05-18T12:54:30Z,purpleyo,Bandra West,"# C-26/27, Linking Road, Bandra West, Mumbai",19.06006,SALE,72.83638,V.N Sphere,
CONSTRUCTION YET TO COMMENCE,Navi Mumbai,OFFICE AND RETAIL,NO,2421,410210,194700,2016-06-07T07:59:30Z,purpleyo,Kharghar,"# 26, Sector 36, Kharghar, Navi Mumbai",19.070877,LEASE,73.082535,Kamdhenu Commerz,
COMPLETED AND OPERATIONAL,Mumbai,OFFICE AND RETAIL,NO,3097,400058,20520,2016-05-12T12:33:01Z,purpleyo,Andheri West,"# 40, Swami Vivekanand Road, Kevni Pada, Amboli, Andheri West, Mumbai",19.127316,LEASE,72.8468,Krimson Park,
COMPLETED AND OPERATIONAL,Mumbai,OFFICE,YES,980,400072,456000,2016-06-02T12:44:38Z,purpleyo,Sakinaka,"Mathuradas Vassanji Road, Sakinaka, Mumbai",19.1032,LEASE,72.8847,Raiaskaran Tech Park - Tower 1,
NEARING COMPLETION,Mumbai,OFFICE,YES,3238,400063,45500,2016-05-24T13:30:09Z,purpleyo,Goregaon East,"IITC, Hanuman Tekdi, Goregaon East, Mumbai, Maharashtra",19.169603,LEASE,72.85503,,
COMPLETED AND OPERATIONAL,Mumbai,OFFICE AND RETAIL,YES,2731,400013,910196,2016-06-01T13:12:37Z,purpleyo,Lower Parel,"Senapati Bapat Marg, Babasaheb Ambedkar Nagar, Lower Parel, Mumbai",19.009676,LEASE,72.83542,Indiabulls Finance Centre - Tower 3,
COMPLETED AND OPERATIONAL,Mumbai,OFFICE AND RETAIL,YES,859,400070,600000,2016-06-23T10:33:11Z,purpleyo,Kurla West,"CST Road, BKC Annexe, LBS Marg, Kapadia Nagar, Kurla West, Mumbai",19.075481,SALE,72.87672,Kanakia Zillion,
COMPLETED AND OPERATIONAL,Navi Mumbai,OFFICE AND RETAIL,YES,399,400036,150000,2016-05-20T11:57:41Z,purpleyo,Turbhe,"# D-263, TTC Industrial Area, Turbhe MIDC, Turbhe, Navi Mumbai",19.069408,LEASE/SALE,73.0202,Bluechip Corporate Park,
COMPLETED AND OPERATIONAL,Mumbai,OFFICE AND RETAIL,YES,528,400059,77312,2016-02-01T10:19:54Z,purpleyo,Andheri West,"Swami Vivekanand Road, Amboli, Andheri West, Mumbai",19.125174,LEASE/SALE,72.84658,Sunteck Grandeur,
COMPLETED AND OPERATIONAL,Mumbai,OFFICE,YES,1527,400070,572000,2016-03-31T09:42:31Z,purpleyo,Kurla West,"Equinox Business Park, Lal Bahadur Shastri Road, Kurla West, Mumbai",19.071507,LEASE,72.87721,Equinox Business Park Tower 4,
NEARING COMPLETION,Navi Mumbai,OFFICE,YES,943,400708,2000000,2016-06-23T11:03:24Z,purpleyo,Airoli,"Gut 31, Thane Belpur Road, MIDC, Airoli, Navi Mumbai",19.171516,SALE,73.00133,Empire Tower,
COMPLETED AND OPERATIONAL,Mumbai,OFFICE,YES,1114,400021,225000,2016-05-10T09:25:48Z,purpleyo,Nariman Point,"Jamnalal Bajaj Road, Nariman Point, Mumbai",18.923983,LEASE,72.82224,Maker Chamber VI,
COMPLETED AND OPERATIONAL,Mumbai,OFFICE,YES,2986,400001,114000,2016-06-07T07:20:00Z,purpleyo,Fort,"# 1, VB Gandhi Marg, Kala Ghoda, Fort, Mumbai",18.928658,LEASE,72.833305,One Forbes,
COMPLETED AND OPERATIONAL,Mumbai,OFFICE AND RETAIL,YES,2446,400102,105000,2016-03-21T08:48:32Z,purpleyo,Andheri West,"# 3, New Link Road, Veera Desai Industrial Estate, Andheri West, Mumbai",19.141468,LEASE,72.833786,Maplle Morya Classic,
COMPLETED AND OPERATIONAL,Mumbai,OFFICE,YES,324,400098,52000,2016-06-28T12:46:26Z,purpleyo,Santacruz East,"CST Road, Kalina, Santacruz East, Mumbai",19.071589,LEASE/SALE,72.86245,Ajmera Summit,
UNDER CONSTRUCTION,Mumbai,OFFICE AND RETAIL,YES,2915,400058,97568,2016-06-01T11:59:50Z,purpleyo,Andheri East,"# B-34, Andheri - Kurla Road, Mota Nagar, Andheri East, Mumbai",19.114447,SALE,72.86073,Rustomjee Commercial Spaces - Wing B,
COMPLETED AND OPERATIONAL,Mumbai,OFFICE AND RETAIL,YES,3211,400056,143759,2016-05-20T13:00:22Z,purpleyo,Andheri East,"Makwana Road, Marol, Andheri East, Mumbai",19.108858,LEASE,72.88105,Vedanta,
COMPLETED AND OPERATIONAL,Mumbai,OFFICE AND RETAIL,YES,3268,400062,13000,2016-05-25T12:33:46Z,purpleyo,Goregaon West,"Swami Vivekanand Road, Udyog Nagar, Goregaon West, Mumbai",19.218147,LEASE,72.85195,Poonam Heights,
COMPLETED AND OPERATIONAL,Mumbai,OFFICE AND RETAIL,NO,2366,500051,24000,2016-06-09T11:15:21Z,purpleyo,Bandra East,"Road Number 2, Gandhi Nagar, Bandra East, Mumbai",19.057383,LEASE/SALE,72.84747,Siddhivinayak Chambers,
COMPLETED AND OPERATIONAL,Mumbai,OFFICE AND RETAIL,YES,3113,400059,66000,2016-06-28T09:39:00Z,purpleyo,Andheri East,"# 785, Andheri Kurla Road, Marol Naka, Andheri East, Mumbai",19.107904,SALE,72.882324,Balaji Business Park,
COMPLETED AND OPERATIONAL,Mumbai,OFFICE AND RETAIL,NO,3089,400058,72000,2016-06-07T07:16:45Z,purpleyo,Andheri East,"Parsi Panchayat Road Amba Wadi, Natwar Nagar, Andheri East, Mumbai",19.125515,SALE,72.85223,Royal Enclave,
COMPLETED AND OPERATIONAL,Mumbai,OFFICE AND RETAIL,YES,516,400093,48500,2016-05-11T12:33:46Z,purpleyo,Andheri East,"# C-10, Central Road, MIDC, Andheri East, Mumbai",19.123127,LEASE,72.87094,Sunrise Tower,
COMPLETED AND OPERATIONAL,Mumbai,OFFICE,YES,2451,400059,141935,2016-03-14T13:12:51Z,purpleyo,Andheri East,"Asan Pada Road, Mittal Industrial Estate, Marol, Sakinaka, Andheri East, Mumbai",19.104572,SALE,72.88047,Mittal Commercia,
COMPLETED AND OPERATIONAL,Mumbai,OFFICE AND RETAIL,NO,3149,400072,56000,2016-05-17T08:37:15Z,purpleyo,Powai,"# 504, Saki Vihar Road, Chandivali, Powai, Mumbai",19.116114,LEASE,72.890465,Srishti Plaza,
COMPLETED AND OPERATIONAL,Mumbai,OFFICE,YES,3329,400062,56000,2016-06-03T12:59:46Z,purpleyo,Goregaon West,"MS Road, Laxmi Nagar, Goregaon West, Mumbai",19.161093,LEASE/SALE,72.83167,Shri Sai Corporate Park,
UNDER CONSTRUCTION,Mumbai,OFFICE AND RETAIL,YES,427,400059,77800,2016-03-18T19:54:54Z,purpleyo,Andheri East,"Andheri-Kurla Road, Andheri East, Mumbai",19.108816,LEASE/SALE,72.88397,Ajmera Times Square Tower D,
COMPLETED AND OPERATIONAL,Mumbai,OFFICE,YES,2167,400701,234000,2016-03-04T12:31:08Z,purpleyo,Ghansoli,"MIDC, Ghansoli, Navi Mumbai",19.114395,LEASE,73.0143,Technocity Premises Block B,
COMPLETED AND OPERATIONAL,Mumbai,OFFICE,YES,2423,400101,8000,2016-05-27T05:56:09Z,purpleyo,Kandivali East,"Chakravarti Ashok Road, Govind Dalvi Nagar, Kandivali East, Mumbai",19.201607,LEASE,72.856316,Thakur House - Block A,
COMPLETED AND OPERATIONAL,Mumbai,OFFICE AND RETAIL,YES,605,400086,44079,2016-06-15T13:11:59Z,purpleyo,Ghatkopar West,"# 601 & 602, MG Road, Ghatkopar West, Mumbai",19.084576,SALE,72.90533,Sanghavi Square,
COMPLETED AND OPERATIONAL,Mumbai,OFFICE AND RETAIL,YES,3110,400059,15000,2016-05-12T13:01:56Z,purpleyo,Andheri East,"Magan Nathuram Road, Mittal Industrial Estate, Marol, Andheri East, Mumbai",19.097734,LEASE,72.88323,Paradigm Business Centre,
COMPLETED AND OPERATIONAL,Mumbai,OFFICE,YES,1166,400604,390000,2016-04-11T09:53:28Z,purpleyo,Thane West,"# D-3, Road No 16, Wagle Industrial Estate, Thane West, Mumbai",19.19726,LEASE/SALE,72.95677,Kalpataru Prime,
COMPLETED AND OPERATIONAL,Mumbai,RETAIL,YES,3102,400058,200000,2016-06-07T07:15:06Z,purpleyo,Andheri East,"# 39, Road Number 13, Marol MIDC Industry Estate, Andheri East, Mumbai",19.121569,LEASE,72.870766,Rolta Tower One,
COMPLETED AND OPERATIONAL,Mumbai,OFFICE AND RETAIL,NO,578,400063,61000,2016-06-24T09:41:36Z,purpleyo,Malad East,"Pandit Jawaharlal Nehru Marg, Panch Bawadi, Malad East, Mumbai",19.176039,LEASE,72.85732,Garnet Paladium,
COMPLETED AND OPERATIONAL,Mumbai,OFFICE,YES,3193,400071,87624,2016-05-19T10:30:19Z,purpleyo,Chembur,"VN Purav Marg, Union Park, Chembur, Mumbai",19.046694,LEASE,72.90684,Shrikant Chambers II,
UNDER CONSTRUCTION,Navi Mumbai,OFFICE AND RETAIL,YES,3254,410206,20000,2016-06-07T06:55:13Z,purpleyo,Sonari,"Uran-Panvel Road, Sonari, Navi Mumbai",18.909319,LEASE,72.9869,Mahendra Prominent Business Center,
COMPLETED AND OPERATIONAL,Mumbai,OFFICE AND RETAIL,YES,3074,400058,21400,2016-05-09T07:30:28Z,purpleyo,Andheri West,"# 22/24, Andheri Subway, Andheri West, Mumbai",19.124887,LEASE,72.84656,Business Point,
COMPLETED AND OPERATIONAL,Navi Mumbai,OFFICE AND RETAIL,YES,3174,400705,86000,2016-05-18T11:46:11Z,purpleyo,Vashi,"# 39/2, Bhagwan Mahaveer Road, Sector 30A, Vashi, Navi Mumbai",19.066326,LEASE,72.99924,Gami Real Tech Park,
COMPLETED AND OPERATIONAL,Mumbai,OFFICE AND RETAIL,YES,3183,400050,4050,2016-05-18T12:56:36Z,purpleyo,Bandra West,"# 101, Hill Road, Bandra West, Mumbai",19.055243,LEASE,72.82981,Landmark,
COMPLETED AND OPERATIONAL,Navi Mumbai,OFFICE AND RETAIL,YES,3161,400703,6200,2016-07-01T12:43:19Z,purpleyo,Turbhe,"# 14, Sanpada Station, Bank Of India Road, Sector 24, Turbhe, Navi Mumbai",19.067875,LEASE,73.013626,Angruti,
COMPLETED AND OPERATIONAL,Mumbai,OFFICE AND RETAIL,YES,880,400079,825000,2016-04-14T10:06:08Z,purpleyo,Vikhroli West,"Park Site, Veer Savarkar Mark, Vikhroli West, Mumbai",19.109491,SALE,72.92575,Kailas Business Park,
COMPLETED AND OPERATIONAL,Mumbai,OFFICE,YES,3133,400058,44240,2016-06-30T10:39:39Z,purpleyo,Andheri West,"Veera Desai Road, Andheri West, Mumbai",19.127695,LEASE,72.837654,Kshitij,
COMPLETED AND OPERATIONAL,Mumbai,OFFICE,NO,3099,400059,98000,2016-06-28T09:38:02Z,purpleyo,Andheri East,"# F-21, Makwana Road, Marol, Andheri East, Mumbai",19.111507,LEASE,72.88123,Dhantak plaza,
COMPLETED AND OPERATIONAL,Mumbai,OFFICE AND RETAIL,YES,2487,400092,48000,2016-06-03T12:30:25Z,purpleyo,Borivali West,"Sundarabai Gangadhar Marg, Meghdoot, Hari Om Nagar, Borivali West, Mumbai",19.221125,LEASE/SALE,72.85337,,
COMPLETED AND OPERATIONAL,Mumbai,OFFICE,YES,3255,400059,360000,2016-05-24T13:11:07Z,purpleyo,Andheri East,"Andheri-Kurla Road, Vijay Nagar Colony West, Marol, Andheri East, Mumbai",19.110867,LEASE,72.87334,Leela Business Park,
COMPLETED AND OPERATIONAL,Mumbai,OFFICE AND RETAIL,YES,2378,400062,15000,2016-06-08T07:18:21Z,purpleyo,Goregaon West,"# 14-A, Siddharth Nagar, SV Road, Goregaon West, Mumbai",19.161688,LEASE/SALE,72.84586,Wallfort House,
UNDER CONSTRUCTION,Mumbai,OFFICE,YES,2393,400051,338000,2016-06-28T12:46:46Z,purpleyo,Bandra Kurla Complex,"G Block, Bandra Kurla Complex, Mumbai",19.067383,LEASE,72.86649,INS Tower,
COMPLETED AND OPERATIONAL,Mumbai,OFFICE,YES,2554,400072,54000,2016-03-18T07:21:17Z,purpleyo,Andheri East,"Mehra Compound Road, Safed Pul, Sakinaka, Andheri East, Mumbai",19.099155,LEASE,72.88588,Trade Square Wing A,
COMPLETED AND OPERATIONAL,Navi Mumbai,OFFICE AND RETAIL,YES,2902,400614,132000,2016-05-27T06:22:29Z,purpleyo,CBD Belapur,"Sector 15, CBD Belapur, Navi Mumbai",19.011257,LEASE,73.03508,Sai Sangam,
COMPLETED AND OPERATIONAL,Navi Mumbai,OFFICE AND RETAIL,YES,561,400703,200000,2016-06-28T09:36:54Z,purpleyo,Nerul,"# D-222/28, Nerul, Navi Mumbai",19.071535,LEASE/SALE,73.028595,Asian Infotech Park,
COMPLETED AND OPERATIONAL,Navi Mumbai,OFFICE AND RETAIL,YES,3130,400614,10250,2016-05-18T05:55:44Z,purpleyo,CBD Belapur,"Gopinath Panda Patil Marg, Sector 15, CBD Belapur, Navi Mumbai",19.006706,LEASE,73.03284,Progressive Sea Lounge,
COMPLETED AND OPERATIONAL,Mumbai,OFFICE AND RETAIL,YES,459,400072,72400,2016-02-22T10:13:15Z,purpleyo,Powai,"Chandivali Farm Road, Powai, Mumbai",19.113089,SALE,72.89796,Nahar Business Center,
COMPLETED AND OPERATIONAL,Mumbai,OFFICE AND RETAIL,YES,2153,400604,91300,2016-06-14T10:36:20Z,purpleyo,Wagle Industrail Area,"# A-112, Road Number 22, Wagle Industrial Area, Mumbai",19.194416,LEASE,72.95021,Coral Square,
COMPLETED AND OPERATIONAL,Mumbai,OFFICE,YES,761,400059,300000,2016-05-18T09:24:49Z,purpleyo,Andheri East,"# 1498-A-2, M V Road, Marol, Andheri East, Mumbai",19.102627,LEASE,72.879745,The Qube,
COMPLETED AND OPERATIONAL,Mumbai,OFFICE AND RETAIL,YES,3162,400050,49400,2016-06-07T07:08:27Z,purpleyo,Bandra West,"# 891, Road Number 24, Bandra West, Mumbai",19.0598,LEASE,72.83251,891 Notan Classic,
COMPLETED AND OPERATIONAL,Mumbai,OFFICE,YES,2565,400030,433580,2016-06-06T06:54:20Z,purpleyo,Worli ,"Pandurang Bhudkar Marg, Lower Parel, Worli, Mumbai",19.007446,LEASE,72.82486,Century Greenspan,
COMPLETED AND OPERATIONAL,Navi Mumbai,OFFICE AND RETAIL,NO,2335,400614,11200,2016-04-12T07:30:21Z,purpleyo,CBD Belapur,"# 52, Palm Beach Road, Sector 15, CBD Belapur, Navi Mumbai",19.00994,LEASE,73.032875,Arneja Plaza,
COMPLETED AND OPERATIONAL,Mumbai,OFFICE,YES,3128,400051,72720,2016-05-31T13:12:19Z,purpleyo,Bandra East,"Bandra Kurla Complex Road, Bandra East, Mumbai",19.05904,LEASE,72.85399,Vaibhav Chambers,
COMPLETED AND OPERATIONAL,Mumbai,OFFICE,YES,3195,400069,570700,2016-05-27T09:48:13Z,purpleyo,Andheri East,"Andheri - Kurla Road, Chakala, Andheri East, Mumbai",19.116642,LEASE,72.857185,The Summit Business Bay,
COMPLETED AND OPERATIONAL,Mumbai,OFFICE,YES,981,400072,456000,2016-06-02T12:42:34Z,purpleyo,Sakinaka,"Mathuradas Vassanji Road, Sakinaka, Mumbai",19.103285,LEASE,72.8847,Raiaskaran Tech Park - Tower 2,
COMPLETED AND OPERATIONAL,Mumbai,OFFICE AND RETAIL,YES,829,400072,1440000,2016-06-23T10:17:05Z,purpleyo,Andheri East,"Chandivali Farm Road, Chandivali, Andheri East, Mumbai",19.113766,SALE,72.89279,Kanakia Boomerang,
COMPLETED AND OPERATIONAL,Mumbai,OFFICE AND RETAIL,NO,2987,400012,9000,2016-06-07T07:21:24Z,purpleyo,Bhoiwada,"Kalyan Station Road, Surganga Society, Manik Colony, Bhoiwada, Mumbai",19.004889,LEASE,72.84563,Krishna Complex,
COMPLETED AND OPERATIONAL,Mumbai,OFFICE AND RETAIL,YES,1811,400098,14000,2016-02-15T07:00:54Z,purpleyo,Kalina,"CST Road, Vidya Nagari, Kalina, Santacruz East, Mumbai",19.073803,LEASE,72.860916,Emgeen Chambers,
COMPLETED AND OPERATIONAL,Mumbai,OFFICE AND RETAIL,NO,3091,400058,10500,2016-06-29T07:34:27Z,purpleyo,Andheri West,"# 37, Ambica Saw Mill Compound,  Bhardawadi Lane, Andheri West, Mumbai",19.126026,LEASE,72.84677,Shabnam Complex,
COMPLETED AND OPERATIONAL,Mumbai,OFFICE,YES,18,400021,415000,2016-06-28T07:33:11Z,purpleyo,Nariman Point,"Barrister Rajni Patel Marg, Nariman Point, Mumbai",18.927887,LEASE,72.82205,Express Towers,
COMPLETED AND OPERATIONAL,Mumbai,OFFICE AND RETAIL,YES,3086,400059,125000,2016-06-30T12:52:58Z,purpleyo,Andheri East,"# 773, Makwana Road, Marol Naka, Andheri East, Mumbai",19.109854,LEASE/SALE,72.881355,Antariksh Thakur House,
COMPLETED AND OPERATIONAL,Mumbai,OFFICE AND RETAIL,NO,2381,400067,9500,2016-05-23T12:10:56Z,purpleyo,Kandivali West,"Swami Vivekanand Road, Jethava Nagar, Kandivali West, Mumbai",19.204838,SALE,72.84959,,
COMPLETED AND OPERATIONAL,Mumbai,OFFICE,YES,3112,400059,84098,2016-05-25T12:38:02Z,purpleyo,Andheri East,"Lok Bharati Complex, Marol Maroshi Road, Andheri East, Mumbai",19.113659,LEASE,72.88063,AFL House,
COMPLETED AND OPERATIONAL,Mumbai,OFFICE AND RETAIL,NO,3258,400063,61500,2016-05-24T13:25:40Z,purpleyo,Goregaon East,"Station Road,Goregaon East, Jay Prakash Nagar, Goregaon, Mumbai",19.187298,LEASE,72.84989,Accord Classic,
COMPLETED AND OPERATIONAL,Mumbai,OFFICE AND RETAIL,YES,2156,400615,75000,2016-05-20T12:03:44Z,purpleyo,Thane West,"Rosa Vista, Ghod Bundef Road, Thane West, Mumbai",19.255781,LEASE,72.97184,Rosa Vista,
COMPLETED AND OPERATIONAL,Navi Mumbai,OFFICE AND RETAIL,YES,606,400614,240000,2016-05-18T09:18:18Z,purpleyo,CBD Belapur,"# 89 & 90, Sector 15, CBD Belapur, Navi Mumbai",19.010365,LEASE/SALE,73.03749,Mahaavir Icon,
COMPLETED AND OPERATIONAL,Mumbai,OFFICE,YES,3120,400053,108000,2016-06-27T13:09:36Z,purpleyo,Andheri West,"New Link Road, Andheri West, Mumbai",19.139889,SALE,72.83493,Crescent Royale,
COMPLETED AND OPERATIONAL,Mumbai,OFFICE,YES,3274,400059,42000,2016-06-07T06:42:18Z,purpleyo,Andheri West,"Veera Desai Industrial Estate, Andheri West, Mumbai",19.140844,LEASE,72.83338,Morya Landmark 1,
COMPLETED AND OPERATIONAL,Mumbai,OFFICE AND RETAIL,YES,3197,400047,30800,2016-05-19T12:37:48Z,purpleyo,Andheri West,"# 2, New Link Road, Industrial Area, Andheri West, Mumbai",19.135502,LEASE,72.832306,Kotia Nirman,
COMPLETED AND OPERATIONAL,Mumbai,OFFICE,YES,1058,400063,1430000,2016-06-28T10:56:19Z,purpleyo,Goregaon East,"Ram Mandir Lane, Jai Coach Junction, Goregaon East, Mumbai",19.145,LEASE/SALE,72.85331,Lotus Corporate Park,
COMPLETED AND OPERATIONAL,Mumbai,OFFICE,YES,3081,400071,35200,2016-06-29T12:18:38Z,purpleyo,Chembur,"Sindhi Society, Chembur East, Chembur, Mumbai",19.053816,LEASE,72.89025,Eastern Court,
COMPLETED AND OPERATIONAL,Mumbai,OFFICE,YES,3087,400058,125000,2016-06-30T12:53:24Z,purpleyo,Andheri East,"# 777, Makwana Road, Marol Naka, Andheri East, Mumbai",19.109625,LEASE/SALE,72.88182,Jai Antariksh,
COMPLETED AND OPERATIONAL,Mumbai,OFFICE AND RETAIL,YES,3146,400071,25000,2016-07-01T10:45:50Z,purpleyo,Chembur,"# 1 & 2, Chembur Station Road, Chembur, Mumbai",19.063793,SALE,72.897575,The Central,
COMPLETED AND OPERATIONAL,Mumbai,OFFICE,YES,784,400005,50000,2016-05-26T07:16:44Z,purpleyo,Cuffe Parade,"The Arcade, Cuffe Parade, Mumbai",18.914186,LEASE,72.8182,World Trade Centre - The Arcade,
COMPLETED AND OPERATIONAL,Mumbai,OFFICE,YES,1112,400021,215000,2016-06-20T12:25:41Z,purpleyo,Nariman Point,"Jamnalal Bajaj Road, Nariman Point, Mumbai",18.924326,LEASE,72.82265,Maker Chamber V,
COMPLETED AND OPERATIONAL,Mumbai,OFFICE,YES,871,400051,212000,2016-05-11T07:14:18Z,purpleyo,Bandra Kurla Complex,"# C-53, G Block, Bandra Kurla Complex, Bandra East, Mumbai",19.067429,LEASE,72.86978,TCG Financial Center,
COMPLETED AND OPERATIONAL,Navi Mumbai,OFFICE AND RETAIL,YES,3125,400705,80000,2016-06-28T10:57:27Z,purpleyo,Sanpada,"Sunshine CHS, Sector 30A, Sanpada, Navi Mumbai",19.06649,LEASE,73.00828,G Square Business Park,
COMPLETED AND OPERATIONAL,Mumbai,OFFICE,YES,2724,400013,508074,2016-06-01T13:13:36Z,purpleyo,Lower Parel,"Senapati Bapat Marg, Babasaheb Ambedkar Nagar, Lower Parel, Mumbai",19.00995,LEASE,72.83502,Indiabulls Finance Centre - Tower 1,
COMPLETED AND OPERATIONAL,Mumbai,OFFICE,YES,698,400053,207000,2016-06-23T09:36:05Z,purpleyo,Andheri East,"Andheri Kurla Road, Mota Nagar, Andheri West, Mumbai",19.114815,LEASE,72.857376,Chintamani Plaza,
COMPLETED AND OPERATIONAL,Mumbai,OFFICE AND RETAIL,NO,3156,400025,217500,2016-05-17T13:11:46Z,purpleyo,Prabhadevi,"# 1091, Sea Breeze, Appasaheb Marathe Marg, Prabhadevi, Mumbai",19.012783,LEASE,72.82789,Sea Breeze,
COMPLETED AND OPERATIONAL,Mumbai,OFFICE,YES,3192,400059,26250,2016-05-19T10:26:39Z,purpleyo,Andheri East,"Andheri Kurla Road, Andheri East, Mumbai",19.110485,LEASE,72.87417,Shree Amba Shanti Chambers,
UNDER CONSTRUCTION,Mumbai,OFFICE AND RETAIL,YES,3136,400071,127062,2016-05-16T10:20:17Z,purpleyo,Chembur,"Postal Colony Road, Postal Colony, Chembur, Mumbai",19.060335,SALE,72.89612,Signature Business Park,
UNDER CONSTRUCTION,Navi Mumbai,OFFICE AND RETAIL,YES,3250,410206,27000,2016-05-24T12:59:14Z,purpleyo,Panvel,"MCCH Society, Vasudev Balwant Phadke Road, New Panvel, Navi Mumbai",18.988346,LEASE,73.11462,Mahendra Yug Business Park,
COMPLETED AND OPERATIONAL,Mumbai,OFFICE AND RETAIL,YES,2713,400013,570000,2016-06-01T13:16:41Z,purpleyo,Lower Parel,"# 841, Senapati Bapat Marg, Lower Parel, Mumbai",19.006783,LEASE,72.83223,One Indiabulls Centre - Tower 1,
COMPLETED AND OPERATIONAL,Mumbai,OFFICE AND RETAIL,NO CAN BE PROVIDED,2493,400030,38000,2016-06-03T12:37:44Z,purpleyo,Worli ,"Dr Annie Besant Road, Municipal Colony, Worli Shivaji Nagar, Worli, Mumbai",19.012136,LEASE,72.82144,Vaswani Chambers Wing B,
COMPLETED AND OPERATIONAL,Mumbai,OFFICE,YES,2920,400079,78000,2016-06-20T09:51:49Z,purpleyo,Vikhroli West,"Hiranandani Road, Vikhroli West, Mumbai",19.110859,SALE,72.91753,Kailas Corporate Lounge,
COMPLETED AND OPERATIONAL,Mumbai,OFFICE AND RETAIL,NO,3446,400013,52000,2016-06-21T10:04:04Z,purpleyo,Lower Parel,"Dr SS Rao Road, Parel, Mumbai",18.996876,LEASE,72.84034,Citi Tower,
COMPLETED AND OPERATIONAL,Mumbai,OFFICE,YES,2424,400101,31500,2016-05-27T06:01:11Z,purpleyo,Kandivali East,"Chakravarti Ashok Road, Govind Dalvi Nagar, Kandivali East, Mumbai",19.201635,LEASE,72.85632,Thakur House  Block - B,
COMPLETED AND OPERATIONAL,Mumbai,OFFICE AND RETAIL,YES,569,400078,262500,2016-06-24T09:33:25Z,purpleyo,Kanjurmarg West,"LBS Marg, Kanjurmarg West, Mumbai",19.12945,LEASE/SALE,72.92647,Damji Shamji Business Galleria,
COMPLETED AND OPERATIONAL,Mumbai,OFFICE,YES,3256,400086,99000,2016-05-24T13:20:20Z,purpleyo,Ghatkopar West,"Kirol Road, Khalai Village, Vidyavihar Society, Ghatkopar West, Mumbai",19.081446,SALE,72.89298,Skyline Wealthspace,
COMPLETED AND OPERATIONAL,Mumbai,OFFICE,YES,696,400063,60000,2016-06-23T09:34:04Z,purpleyo,Goregaon East,"# 201, Vishveshwar Nagar, Goregaon, Mumbai",19.170841,LEASE,72.85857,Chintamani Avenue,
COMPLETED AND OPERATIONAL,Mumbai,OFFICE,YES,1224,400053,858000,2016-05-27T11:15:04Z,purpleyo,Andheri East,"Prof NS Phadke Marg, Vijay Nagar, Andheri East, Mumbai",19.114754,SALE,72.84995,Hubtown Solaris,
COMPLETED AND OPERATIONAL,Mumbai,OFFICE AND RETAIL,YES,3165,400058,71800,2016-05-17T12:30:31Z,purpleyo,Andheri West,"Barfiwala Road, Andheri West, Mumbai",19.116096,LEASE,72.8419,Peninsula Heights,
COMPLETED AND OPERATIONAL,Mumbai,OFFICE,YES,2354,400064,20000,2016-03-11T07:43:38Z,purpleyo,Malad West,"Mindspace, Malad West, Mumbai",19.177383,SALE,72.83399,Aalind Fortuna Wing A,
UNDER CONSTRUCTION,Mumbai,OFFICE AND RETAIL,YES,2511,400059,104000,2016-03-18T19:52:17Z,purpleyo,Andheri West,"# 14, Shaha Industrial Estate Road, Industrial Area, Andheri West, Mumbai",19.13399,SALE,72.834206,Remi Commercio,
COMPLETED AND OPERATIONAL,Mumbai,OFFICE AND RETAIL,YES,2798,400058,187200,2016-06-06T10:47:04Z,purpleyo,Andheri East,"Sahar Road, Andheri East, Mumbai",19.104185,LEASE,72.87199,Fulcrum Business Center - Wing A,
COMPLETED AND OPERATIONAL,Mumbai,OFFICE AND RETAIL,NO,3135,400080,56000,2016-07-01T10:45:04Z,purpleyo,Mulund West,"Lal Bahadur Shastri Marg, Bhandup Industrial Area, Mulund West, Mumbai",19.162342,SALE,72.93807,Srishti Square,
COMPLETED AND OPERATIONAL,Mumbai,OFFICE AND RETAIL,YES,3439,401107,50670,2016-06-21T13:32:30Z,purpleyo,Mira Bhayandar,"Kanakia Road, Mira Road East, Mira Bhayandar, Mumbai",19.296947,SALE,72.87566,Ostwal Garden,
COMPLETED AND OPERATIONAL,Mumbai,OFFICE,YES,2340,400098,22400,2016-06-03T12:12:12Z,purpleyo,Santacruz East,"CST Road, Kalina, Santacruz East, Mumbai",19.0726,SALE,72.8657,Pattathu Business Plaza,
COMPLETED AND OPERATIONAL,Mumbai,OFFICE,YES,3253,400072,150000,2016-05-24T13:04:03Z,purpleyo,Andheri East,"Ansa Industrial Estate, Chandivali, Andheri East, Mumbai",19.110516,LEASE,72.88998,Universal Business Park,
COMPLETED AND OPERATIONAL,Mumbai,OFFICE AND RETAIL,NO,3150,400078,275000,2016-06-07T07:09:13Z,purpleyo,Bhandup West,"# 411, Lal Bahadur Shastri Marg, Bhandup West, Mumbai",19.159885,LEASE,72.93702,Filix Tower,
COMPLETED AND OPERATIONAL,Mumbai,OFFICE AND RETAIL,YES,3218,400052,25000,2016-05-20T13:27:32Z,purpleyo,Khar West,"# 369, Linking Road, Khar West, Mumbai",19.070894,LEASE,72.83376,,
COMPLETED AND OPERATIONAL,Mumbai,OFFICE,YES,3092,400058,44000,2016-05-11T13:13:15Z,purpleyo,Andheri East,"# 61, Road Number 13, Marol,  MIDC Industry Estate, Andheri East, Mumbai",19.12107,LEASE,72.87225,Brillanto House,
COMPLETED AND OPERATIONAL,Mumbai,OFFICE,YES,695,400059,150000,2016-06-23T09:33:08Z,purpleyo,Andheri East,"Marol Maroshi Road, Andheri East, Mumbai",19.115307,LEASE,72.88031,KP Aurum,
COMPLETED AND OPERATIONAL,Mumbai,OFFICE,YES,2524,400098,52500,2016-06-06T13:04:21Z,purpleyo,Santacruz East,"Windsor Lane, MMRDA Area, Kalina, Santacruz East, Mumbai",19.071056,LEASE,72.86457,Dani Corporate Park,
COMPLETED AND OPERATIONAL,Mumbai,OFFICE,YES,3104,400059,36750,2016-06-29T12:47:42Z,purpleyo,Andheri East,"Makwana Road, Marol Naka, Andheri East, Mumbai",19.112043,LEASE,72.88234,Kushwah Chambers,
COMPLETED AND OPERATIONAL,Mumbai,OFFICE,YES,2470,400051,180000,2016-06-07T13:00:53Z,purpleyo,Bandra Kurla Complex,"# C-31, G Block, Bandra Kurla Complex, Bandra East, Mumbai",19.060583,LEASE,72.86275,Naman Centre,
NEARING COMPLETION,Mumbai,OFFICE,YES,3134,400080,19200,2016-06-07T07:10:24Z,purpleyo,Mulund West,"Devidayal Marg, Mulund, Mulund West, Mumbai",19.17611,SALE,72.95137,Balaji Accolade,
COMPLETED AND OPERATIONAL,Mumbai,OFFICE AND RETAIL,YES,529,400057,90000,2016-02-01T10:24:08Z,purpleyo,Vile Parle,"# 37-40, Shubhash Road, Vile Parle (East), Mumbai",19.107101,LEASE,72.85162,Sunteck Centre,
COMPLETED AND OPERATIONAL,Mumbai,OFFICE AND RETAIL,YES,2727,400013,802489,2016-06-01T13:13:16Z,purpleyo,Lower Parel,"Senapati Bapat Marg, Babasaheb Ambedkar Nagar, Lower Parel, Mumbai",19.010073,LEASE,72.835236,Indiabulls Finance Centre - Tower 2,
COMPLETED AND OPERATIONAL,Mumbai,OFFICE AND RETAIL,NO,3139,400092,42000,2016-05-19T09:29:13Z,purpleyo,Borivali West,"Swami Vivekanand Road, Borivali West, Mumbai",19.252182,SALE,72.8633,Orchid Plaza,
COMPLETED AND OPERATIONAL,Mumbai,OFFICE AND RETAIL,YES,3124,400030,75712,2016-05-13T13:22:27Z,purpleyo,Prabhadevi,"# 502, SV Savarkar Marg, Prabhadevi, Mumbai",19.013838,LEASE,72.82456,Bengal Chemicals Bhavan,
COMPLETED AND OPERATIONAL,Mumbai,OFFICE,YES,2351,400053,104940,2016-03-11T07:16:56Z,purpleyo,Andheri East,"Andheri Kurla Road, Andheri East, Mumbai",19.111841,LEASE,72.87006,Trade Star,
COMPLETED AND OPERATIONAL,Mumbai,OFFICE AND RETAIL,NO,3093,400053,6000,2016-06-29T07:04:17Z,purpleyo,Andheri West,"JP Road, Azad Nagar, Andheri West, Mumbai",19.128363,SALE,72.83189,Averson,
COMPLETED AND OPERATIONAL,Mumbai,OFFICE,YES,2168,400701,234000,2016-03-04T12:31:45Z,purpleyo,Ghansoli,"MIDC, Ghansoli, Navi Mumbai",19.114435,LEASE,73.01461,Technocity Premises Block A,
COMPLETED AND OPERATIONAL,Mumbai,OFFICE AND RETAIL,YES,3069,400013,79800,2016-06-29T11:33:23Z,purpleyo,Lower Parel,"Senapati Bapat Marg, Railway Colony, Lower Parel West, Lower Parel, Mumbai",19.003185,LEASE,72.830315,Sun Paradise Business Plaza,
COMPLETED AND OPERATIONAL,Mumbai,OFFICE,YES,2169,400701,100000,2016-03-04T12:30:39Z,purpleyo,Mahape,"# X-4/5, TTC Industrial Area, Mahape, MIDC, Navi Mumbai, Mumbai",19.114017,LEASE,73.01239,,
COMPLETED AND OPERATIONAL,Navi Mumbai,OFFICE AND RETAIL,YES,3163,410206,48000,2016-06-07T07:07:57Z,purpleyo,Panvel,"# 1-2, Sector 9E, Kalamboli, Panvel, Navi Mumbai",19.039104,SALE,73.1025,Parth Solitaire,
COMPLETED AND OPERATIONAL,Mumbai,OFFICE AND RETAIL,YES,3155,400098,64000,2016-06-06T13:16:47Z,purpleyo,Santacruz East,"# 158, CST Road, Kalina, Santacruz East, Mumbai",19.071407,LEASE,72.86522,Sheil Estate,
COMPLETED AND OPERATIONAL,Mumbai,OFFICE AND RETAIL,YES,461,400064,100000,2016-05-11T12:34:21Z,purpleyo,Malad West,"Ramachandran Lane, Navy Colony, Kanchpada, Malad West, Mumbai",19.189758,LEASE/SALE,72.84023,Neo Corporate Plaza,
COMPLETED AND OPERATIONAL,Mumbai,OFFICE AND RETAIL,NO,3450,400053,220000,2016-06-21T10:05:32Z,purpleyo,Andheri East,"Andheri - Kurla Road, Bhim Nagar, Andheri East, Mumbai",19.112595,LEASE,72.86869,Sahar Plaza,
COMPLETED AND OPERATIONAL,Mumbai,OFFICE AND RETAIL,YES,3177,400050,31500,2016-06-07T07:06:21Z,purpleyo,Bandra West,"# 183, Waterfield Road, Bandra West, Mumbai",19.062626,LEASE,72.834366,Sagar Fortune,
COMPLETED AND OPERATIONAL,Mumbai,OFFICE AND RETAIL,YES,3068,400058,22000,2016-06-23T12:31:14Z,purpleyo,Andheri West,"# 203/204, Andheri Subway, Fish Market Area, Navneeth Colony, Andheri West, Mumbai",19.124422,LEASE,72.846565,West 58,
COMPLETED AND OPERATIONAL,Navi Mumbai,OFFICE,YES,944,400708,300000,2016-01-29T11:10:22Z,purpleyo,Dighe,"Thane Belapur Road, MIDC, Dighe, Navi Mumbai",19.169136,LEASE,73.00035,Liberty Tower,
COMPLETED AND OPERATIONAL,Mumbai,OFFICE AND RETAIL,NO,3176,400050,5100,2016-05-18T12:04:12Z,purpleyo,Bandra West,"Turner Road, Bandra West, Mumbai",19.059292,LEASE,72.832565,Turner Heights,
COMPLETED AND OPERATIONAL,Mumbai,OFFICE AND RETAIL,YES,951,400070,460000,2016-01-20T09:12:09Z,purpleyo,Kurla West,"LBS Marg, Kurla West, Mumbai",19.085436,LEASE/SALE,72.888794,Phoenix Paragon Plaza,
COMPLETED AND OPERATIONAL,Mumbai,OFFICE AND RETAIL,YES,2806,400058,200000,2016-06-08T07:03:22Z,purpleyo,Andheri East,"Sahar Road, Andheri East, Mumbai",19.104273,LEASE,72.87201,Fulcrum Business Center - Wing B,
COMPLETED AND OPERATIONAL,Navi Mumbai,OFFICE,YES,945,400708,225250,2016-01-29T11:07:49Z,purpleyo,Airoli,"Gut 31, Airoli, Thane Belapur Road, MIDC, Navi Mumbai",19.169748,LEASE,72.9997,Reliable Plaza,
